type,name,module,path,hash
"yaml","manifest","_config","_config/manifest.yaml","da0d2b8009e151899f4ebbd2793ea16078be08a2f26c969e49c77a16abf3c984"
"csv","module-help","bmb","bmb/bmad-bmb-setup/assets/module-help.csv","a92431fa63e7c2e97f315337f0291a49e67492957f2fdf1df4483beda4b18ae1"
"csv","module-help","bmb","bmb/bmad-module-builder/assets/setup-skill-template/assets/module-help.csv","881ab6b3a6fe6ad9803602fec2e385561d6f9794452de98f14f334906a437818"
"csv","module-help","bmb","bmb/module-help.csv","fdd785cdce23073aa07b91f66dab1731c5bcfd56bb05fa6147e7f46527c81ba9"
"md","agent-type-guidance","bmb","bmb/bmad-agent-builder/references/agent-type-guidance.md","49288c0f83f117c4c8c363afc735b593540b974e6dd79abb73b1640b26d236d8"
"md","BOND-template","bmb","bmb/bmad-agent-builder/assets/BOND-template.md","42e6d24ca40b4fc0afd3be8c9ee5ca7cf10a52d00bc67103a6f4753cf7e17298"
"md","build-process","bmb","bmb/bmad-agent-builder/references/build-process.md","ae82c9c431479e987fd98f34d9e8caa8cc2c6230572bc09562ffb2874b0c0156"
"md","build-process","bmb","bmb/bmad-workflow-builder/references/build-process.md","c92f9fb96080a502ec16a52f17a7315c53eabb6069dea2ef0dc856e162efece6"
"md","CAPABILITIES-template","bmb","bmb/bmad-agent-builder/assets/CAPABILITIES-template.md","9e7ead8404d39a9b7f58c414d9bbf1340b8d58fc90fa0ccddb4d53f7cb3521cd"
"md","capability-authoring-template","bmb","bmb/bmad-agent-builder/assets/capability-authoring-template.md","28cb01fe414c0e1442dff56b0805022ef42c855ac28d373eb21604917a5cd2da"
"md","classification-reference","bmb","bmb/bmad-workflow-builder/references/classification-reference.md","cc1c1b2b5f9318dc716ae6e718abd816aeedc9f5ccd326bdd953800cf9cfaf5e"
"md","complex-workflow-patterns","bmb","bmb/bmad-workflow-builder/references/complex-workflow-patterns.md","6380dc06613b79303a33299dea00c53258a1ccd509b917f55eaf528fe8906a2a"
"md","convert-process","bmb","bmb/bmad-workflow-builder/references/convert-process.md","c6d192de8f0fdfa6f0f1b453f1fc1e1fb4899b2d2c3390a45f2bdc5c03f4c406"
"md","create-module","bmb","bmb/bmad-module-builder/references/create-module.md","357deb1a816e6ce757307f8306fb155a7870d7f9e06ba98f13a1d76339280e7b"
"md","CREED-template","bmb","bmb/bmad-agent-builder/assets/CREED-template.md","fe4a8c81b653785e36834dfb33c58c4f7060d599b0cec8453cb89c18f5458ad3"
"md","edit-guidance","bmb","bmb/bmad-agent-builder/references/edit-guidance.md","ed8181561a8830818f88bdf8cf0739b96c4f208f5a65079036a9bd365cc19988"
"md","first-breath-adaptation-guidance","bmb","bmb/bmad-agent-builder/references/first-breath-adaptation-guidance.md","d5a3e4de5587a46e1a76b019d1e8d42c26ee9f6673b2d6f4d796709e84748b5a"
"md","first-breath-config-template","bmb","bmb/bmad-agent-builder/assets/first-breath-config-template.md","12a5be582f346db434f2318b82d59d6881b48d8e5718d26379c01ab99cdd0894"
"md","first-breath-template","bmb","bmb/bmad-agent-builder/assets/first-breath-template.md","53b92b2251117425b750db395f10738b9c9eebaa947f56a4b7144a13cf32c24d"
"md","ideate-module","bmb","bmb/bmad-module-builder/references/ideate-module.md","98bc448d3dc876e29121298f3550542468b0a46ebb2e6658504e3a946954f566"
"md","INDEX-template","bmb","bmb/bmad-agent-builder/assets/INDEX-template.md","7af65c1436f60da1e502093ba3fc4e1a453136972ab35432417ce3975174b89e"
"md","memory-guidance-template","bmb","bmb/bmad-agent-builder/assets/memory-guidance-template.md","1b94a91c98513a6e14124f95baa03c18c2cfe7e0eba021dc546e87206f3526f5"
"md","MEMORY-template","bmb","bmb/bmad-agent-builder/assets/MEMORY-template.md","10bc869959cfd26c93f323d789571026da5aadfae9f7e92653905f80f32299a5"
"md","mission-writing-guidance","bmb","bmb/bmad-agent-builder/references/mission-writing-guidance.md","c9d93487b98263593d3da4ac66d1f8325fae334829cfc4bdc441af0b4ebb0997"
"md","module-plan-template","bmb","bmb/bmad-module-builder/assets/module-plan-template.md","4e8f479e3a86cd3ef3685850db81424fa6d9648e86e711513b5619732fa605fe"
"md","module-setup","bmb","bmb/bmad-module-builder/assets/standalone-module-template/module-setup.md","362e02b33d626efb65c022c9136d790b5da73eb5deec94b8dacf64a9650bbcd7"
"md","PERSONA-template","bmb","bmb/bmad-agent-builder/assets/PERSONA-template.md","3003f593838319d91acc31214ca42390c2f63c3cf66daaa29f0ea0950a3cb977"
"md","PULSE-template","bmb","bmb/bmad-agent-builder/assets/PULSE-template.md","92393350e4c1363fad9d893e2101cfe6b9c010ca02639a3afae6f533790fcd09"
"md","quality-analysis","bmb","bmb/bmad-agent-builder/references/quality-analysis.md","18562b6caf7e727e16cd2afb13c857629db293e2762ba41632204030de1b5e03"
"md","quality-analysis","bmb","bmb/bmad-workflow-builder/references/quality-analysis.md","00207813fc3758a4926c9a951bdae5dc2db12a41bafd7fda982041eaf0ac5fef"
"md","quality-dimensions","bmb","bmb/bmad-agent-builder/references/quality-dimensions.md","c2614520b9f9ebc048fb78fdeadbb3050912b0a486b6f9c530be0b3801644d51"
"md","quality-dimensions","bmb","bmb/bmad-workflow-builder/references/quality-dimensions.md","aa63650a74ba608c30660eb9a9a0b30ac3723ea01b3e262665c9925210231cea"
"md","quality-scan-agent-cohesion","bmb","bmb/bmad-agent-builder/references/quality-scan-agent-cohesion.md","79f3184d4a24be125006bb8585b778e28205546b46d45e30d832cd6c7b272ae4"
"md","quality-scan-customization-surface","bmb","bmb/bmad-agent-builder/references/quality-scan-customization-surface.md","589fcffff89aee4a5ae17aa512acd3603fb0c33a588377076cc9e924e3d9bd09"
"md","quality-scan-customization-surface","bmb","bmb/bmad-workflow-builder/references/quality-scan-customization-surface.md","43ed1f28fc1fb7a686a9589a85b6104955d90c45bc5a61448bae497f7efe29d7"
"md","quality-scan-enhancement-opportunities","bmb","bmb/bmad-agent-builder/references/quality-scan-enhancement-opportunities.md","afe15f7aec66c8e988db48ff036be6a8f85b653fdb1a59babbd934c8585bc0c5"
"md","quality-scan-enhancement-opportunities","bmb","bmb/bmad-workflow-builder/references/quality-scan-enhancement-opportunities.md","674ee150cf6502e27bb9d60548927d7d1feab7ce7550fe6d49e001cdad3cf85b"
"md","quality-scan-execution-efficiency","bmb","bmb/bmad-agent-builder/references/quality-scan-execution-efficiency.md","135bb44b02f589af729e4338039af7ee8e0d74038989ed437777cda15e3a0177"
"md","quality-scan-execution-efficiency","bmb","bmb/bmad-workflow-builder/references/quality-scan-execution-efficiency.md","59382e8ed13f332cc795fc445bd830b302365c7ad38c366908cceee2fa9b8c84"
"md","quality-scan-prompt-craft","bmb","bmb/bmad-agent-builder/references/quality-scan-prompt-craft.md","53ef5045f932a8a93810e4977decb0a14a41626aa301850a4e8fa87ac5bd594f"
"md","quality-scan-prompt-craft","bmb","bmb/bmad-workflow-builder/references/quality-scan-prompt-craft.md","9fb93ce8553f5ce6b314403c5c9c8aee48cbfe0423037d4f0901e205310a4ffd"
"md","quality-scan-sanctum-architecture","bmb","bmb/bmad-agent-builder/references/quality-scan-sanctum-architecture.md","e3cd22d35f3e4a72d4490b4e45ac4f15920eaadc2fee468ddcd5c2128f03789f"
"md","quality-scan-script-opportunities","bmb","bmb/bmad-agent-builder/references/quality-scan-script-opportunities.md","b0260732c2acf194edd2dc754b47cf56e8e674d68aed10c6c4d00be32cf800e0"
"md","quality-scan-script-opportunities","bmb","bmb/bmad-workflow-builder/references/quality-scan-script-opportunities.md","0fee294ee92371270ab7f0e1de04faed11d8c83c9999089653a3b8ac63e8276c"
"md","quality-scan-skill-cohesion","bmb","bmb/bmad-workflow-builder/references/quality-scan-skill-cohesion.md","515ba9e80a7450348b12bf56df2549d0369781ee4ca1c7e040476d9e423dc31d"
"md","quality-scan-structure","bmb","bmb/bmad-agent-builder/references/quality-scan-structure.md","1c8beecb4d963ae619982c1a5887e2c3e5561c08af635d17d37b61cf4cb06ff2"
"md","quality-scan-workflow-integrity","bmb","bmb/bmad-workflow-builder/references/quality-scan-workflow-integrity.md","37ee7305f643dceb93d2d95fab08ba0f79c26564e3818a02022405523fa863aa"
"md","report-quality-scan-creator","bmb","bmb/bmad-agent-builder/references/report-quality-scan-creator.md","b8f100813faa35527567d0824155ff7ba6642c07dca7d9aceff259db2bcb59a0"
"md","report-quality-scan-creator","bmb","bmb/bmad-workflow-builder/references/report-quality-scan-creator.md","6b2d17da8c6a185b15ee882f7f1e2c90379861125937f9686f09133bb0c5bef0"
"md","sample-capability-authoring","bmb","bmb/bmad-agent-builder/references/sample-capability-authoring.md","36dfa23aa9608e5887c9ce47d5efc71d6edc489dd369c1481fa4639879f9bbc9"
"md","sample-capability-prompt","bmb","bmb/bmad-agent-builder/references/sample-capability-prompt.md","bfb8ca057ea472b5dce2a43537643d4203fcda03f3593bcaa9b35669db9688a6"
"md","sample-first-breath","bmb","bmb/bmad-agent-builder/references/sample-first-breath.md","e78afdc4e7db10d6a081c3f9630bbd5955db74bf966c1dedfdda88e63a801485"
"md","sample-memory-guidance","bmb","bmb/bmad-agent-builder/references/sample-memory-guidance.md","b92ff7b530a640b58a7ce2f2014a40e6edf7beae7cf4733e4065c6d10a5fcecc"
"md","script-opportunities-reference","bmb","bmb/bmad-agent-builder/references/script-opportunities-reference.md","bea869c22fed1b2c162d38fbcdd370940576fcb7dd63a5d410d116936f6a2fd5"
"md","script-opportunities-reference","bmb","bmb/bmad-workflow-builder/references/script-opportunities-reference.md","c287849f2b6a16f8e4dc67070b84f1487c40dfcaf7c53f50185dc73bdda505c1"
"md","script-standards","bmb","bmb/bmad-agent-builder/references/script-standards.md","c51d04ad57c9146a76f07edde75042aaad01fa7befc0fa4b6098ed00069730aa"
"md","script-standards","bmb","bmb/bmad-workflow-builder/references/script-standards.md","7d89eec17ccb44beb4fb09f13733088ec71d5101a4ed8fc6b5d6005fd843ccaf"
"md","SKILL","bmb","bmb/bmad-agent-builder/SKILL.md","4344a17104724219282efb1a7cf50498b0faf1204e162932bd6fb0ffd2b5407a"
"md","SKILL","bmb","bmb/bmad-bmb-setup/SKILL.md","ae569713f26bfdc230a01132fdcc88bc4b3415ff8e9d7b2e1a645cf2b767641a"
"md","SKILL","bmb","bmb/bmad-module-builder/assets/setup-skill-template/SKILL.md","22f97252b89a759a70a6abe7faf4c3cffa11660520a5b6be34da28cd569231ff"
"md","SKILL","bmb","bmb/bmad-module-builder/SKILL.md","ba3932750a6dc6b8e5e4334bebce662a31fab6ecd7036b98532c70a5735a0863"
"md","SKILL","bmb","bmb/bmad-workflow-builder/SKILL.md","2ebc1d72e8b914b8384d25dcea5629d1e35362196a22266a5061018f34d05853"
"md","skill-best-practices","bmb","bmb/bmad-agent-builder/references/skill-best-practices.md","806d5304907df0057713ffd27d3030f2f83d5097985dff713c65b35a0ab5785b"
"md","skill-best-practices","bmb","bmb/bmad-workflow-builder/references/skill-best-practices.md","7c8c11bc19f53a2dd20327bac73cb2bca161f0b11db5823386aec2762ec745ff"
"md","SKILL-template","bmb","bmb/bmad-agent-builder/assets/SKILL-template.md","d5ce1d4bd373f9696d1830f863d029930b5ffe7178446aa620d9fa0f34785159"
"md","SKILL-template","bmb","bmb/bmad-workflow-builder/assets/SKILL-template.md","5890f0158692e5e9c7154f3a70f50e49063015c9d9546c8b1ca363d690d61fa2"
"md","SKILL-template-bootloader","bmb","bmb/bmad-agent-builder/assets/SKILL-template-bootloader.md","a472c1e1b7c52ee80c5dd7ad6a84f038a6602d2c2d69c2f86b4c25ffbd63b827"
"md","standard-fields","bmb","bmb/bmad-agent-builder/references/standard-fields.md","5d7153e3d06f5fa85232ebf85dc478106f4d8c1dd9b4e5da2801db2dc213437a"
"md","standard-fields","bmb","bmb/bmad-workflow-builder/references/standard-fields.md","b3562f3d8d64b1062917089b8d5f4b4a4d78db0b88e9c858dcb10240ee034a86"
"md","standing-order-guidance","bmb","bmb/bmad-agent-builder/references/standing-order-guidance.md","d9c92ab9e45a7fb6715a4b4caaa344919091a32c51b4f2a507ef40337e7dcce8"
"md","template-substitution-rules","bmb","bmb/bmad-agent-builder/references/template-substitution-rules.md","79cf0362eef6dde1a2880ee664cba393b1afdc7a092a548cb112095baef9aa44"
"md","template-substitution-rules","bmb","bmb/bmad-workflow-builder/references/template-substitution-rules.md","ccebcc56e89a6bcab2573fbbac5512168b48c08cfe50e85d8a0ced26a12e3f60"
"md","validate-module","bmb","bmb/bmad-module-builder/references/validate-module.md","de07b97147200fa95f16ee4305985a090d94fe35c7fbbb9de29ff2f0be58b55f"
"py","cleanup-legacy","bmb","bmb/bmad-bmb-setup/scripts/cleanup-legacy.py","6c9f8e446cd8999ca45207a12c47d57993db10fd3f9f7fbe620754de5b75e1ad"
"py","cleanup-legacy","bmb","bmb/bmad-module-builder/assets/setup-skill-template/scripts/cleanup-legacy.py","6c9f8e446cd8999ca45207a12c47d57993db10fd3f9f7fbe620754de5b75e1ad"
"py","generate-convert-report","bmb","bmb/bmad-workflow-builder/scripts/generate-convert-report.py","510f5c0d420f330bd01121ac1f3f827d5ef765c769dc542416c843f987e69abf"
"py","generate-html-report","bmb","bmb/bmad-agent-builder/scripts/generate-html-report.py","6acedd49af6366e95e609fefaae0cafeb772ef1828684224caa786b724dc17a7"
"py","generate-html-report","bmb","bmb/bmad-workflow-builder/scripts/generate-html-report.py","99e38f0e7c5d69846c4ab6ba02ce5f96b2f7e9205e155945bd045292814e0f8a"
"py","init-sanctum-template","bmb","bmb/bmad-agent-builder/assets/init-sanctum-template.py","c6bd897e7af4c93c69b156e70c9b5082bf74842d7c9b73dd993fa8d8b2907704"
"py","merge-config","bmb","bmb/bmad-bmb-setup/scripts/merge-config.py","4d2d116d4e3812c80dc1c2468f069f33de2e260b524ab244ebdec53390474801"
"py","merge-config","bmb","bmb/bmad-module-builder/assets/setup-skill-template/scripts/merge-config.py","4d2d116d4e3812c80dc1c2468f069f33de2e260b524ab244ebdec53390474801"
"py","merge-config","bmb","bmb/bmad-module-builder/assets/standalone-module-template/merge-config.py","4d2d116d4e3812c80dc1c2468f069f33de2e260b524ab244ebdec53390474801"
"py","merge-help-csv","bmb","bmb/bmad-bmb-setup/scripts/merge-help-csv.py","59c481c05c949749e98b0be5bcc6bc053332a4d152493b4a2800fac0ceda8e4d"
"py","merge-help-csv","bmb","bmb/bmad-module-builder/assets/setup-skill-template/scripts/merge-help-csv.py","59c481c05c949749e98b0be5bcc6bc053332a4d152493b4a2800fac0ceda8e4d"
"py","merge-help-csv","bmb","bmb/bmad-module-builder/assets/standalone-module-template/merge-help-csv.py","59c481c05c949749e98b0be5bcc6bc053332a4d152493b4a2800fac0ceda8e4d"
"py","prepass-execution-deps","bmb","bmb/bmad-agent-builder/scripts/prepass-execution-deps.py","49f68806b336846f9450d116defc3164ab2eebb78d94180b329f2b85b6963072"
"py","prepass-execution-deps","bmb","bmb/bmad-workflow-builder/scripts/prepass-execution-deps.py","d9b328c036cc944c5955e48ac506ed385b3bac4083e81de8fda321875d220dbf"
"py","prepass-prompt-metrics","bmb","bmb/bmad-agent-builder/scripts/prepass-prompt-metrics.py","572573d37b47f2fdcb229a2fc0c324a57a7e422016be13eed8dbcb82a30a909e"
"py","prepass-prompt-metrics","bmb","bmb/bmad-workflow-builder/scripts/prepass-prompt-metrics.py","c64a3f92520342c1c7e022eca6882b9a1bee4e6d1354a2fa6d742b5a1e4830ef"
"py","prepass-sanctum-architecture","bmb","bmb/bmad-agent-builder/scripts/prepass-sanctum-architecture.py","9f1ee756510d4f64ae7a86b647c86b8e914fe3d387f7dc63cb573faa8aae9f5f"
"py","prepass-structure-capabilities","bmb","bmb/bmad-agent-builder/scripts/prepass-structure-capabilities.py","5f6a4312219b05cc03b2a014054dd30de5f145b6f4f9bc3bbcfad51d983781c9"
"py","prepass-workflow-integrity","bmb","bmb/bmad-workflow-builder/scripts/prepass-workflow-integrity.py","af309daa3c98b7a79784ee50bf64c99acffddd7c9f4fab2402de03df231e528c"
"py","process-template","bmb","bmb/bmad-agent-builder/scripts/process-template.py","57957535c8d40e0cfc89a0df889ecad265b0391d57491096e5599ac496c2f029"
"py","sample-init-sanctum","bmb","bmb/bmad-agent-builder/references/sample-init-sanctum.py","bc667c404d070d80b61391367520dd3bdc9474ad6b3cb279109b1e6f1c276f52"
"py","scaffold-setup-skill","bmb","bmb/bmad-module-builder/scripts/scaffold-setup-skill.py","20827c954f2114cdeaf6bf600b9da076e87841bd7d1d18fbd0dcb3f115e4e21b"
"py","scaffold-standalone-module","bmb","bmb/bmad-module-builder/scripts/scaffold-standalone-module.py","3f6b28514afbc8c0afcca8ec3012ceeb797ff2061660a607ffe7f50b4ab2b34c"
"py","scan-path-standards","bmb","bmb/bmad-agent-builder/scripts/scan-path-standards.py","a8dbc83576021448449d52fbf0b24bf2be8375f6303571ebc1d9cb06202f26d1"
"py","scan-path-standards","bmb","bmb/bmad-workflow-builder/scripts/scan-path-standards.py","fa3a18047c3bed7b6c686e729b24afe2e6b0d01c29a7bad266777e6ca7ccb52f"
"py","scan-scripts","bmb","bmb/bmad-agent-builder/scripts/scan-scripts.py","9ac2d4f08973e1a639832b8a710424dee29d44e109f8eae7143f84c0ae31b945"
"py","scan-scripts","bmb","bmb/bmad-workflow-builder/scripts/scan-scripts.py","d615afcff675655a60e5c9772c4a45aa4b97caac1ca8e1d81dab0b82bf95269b"
"py","test_generate_convert_report","bmb","bmb/bmad-workflow-builder/scripts/tests/test_generate_convert_report.py","8abce204247daaf3cd061b0a15f984f770b1baf3454ed915f0434b5437b69e65"
"py","test-scaffold-setup-skill","bmb","bmb/bmad-module-builder/scripts/tests/test-scaffold-setup-skill.py","3b71c5338e925e8b0bc80c2da65df83b163797d9c7b1e295b5cf17897042c965"
"py","test-scaffold-standalone-module","bmb","bmb/bmad-module-builder/scripts/tests/test-scaffold-standalone-module.py","049fa0177f20e76be6540ae651ee6612b44bfd23a67d91386a974f706f33fffe"
"py","test-validate-module","bmb","bmb/bmad-module-builder/scripts/tests/test-validate-module.py","8d13589436f07f92aca7f8dd5f14471952d53d65db299ed8441e941918fea631"
"py","validate-module","bmb","bmb/bmad-module-builder/scripts/validate-module.py","2b679aba3891587cc6b60cac8506c918edbb1b7e5f168cc00c90c31fa5667d6d"
"toml","customize-template","bmb","bmb/bmad-agent-builder/assets/customize-template.toml","fa6dae66d25e1398c1b6340004c678579de829735e375d15650bfaa34e55b4e3"
"toml","customize-template","bmb","bmb/bmad-workflow-builder/assets/customize-template.toml","bd570a29e960e9565bae1581bd2acc1d9dd6273f60690a901f810f7f50f38a7d"
"toml","sample-customize-analyst","bmb","bmb/bmad-agent-builder/assets/sample-customize-analyst.toml","cf50518604719b565622be875d7e1b44fa4f7b6fc410d983480e7f8fe00536cf"
"toml","sample-customize-product-brief","bmb","bmb/bmad-workflow-builder/assets/sample-customize-product-brief.toml","0f2a13e4682ff79ab3a3378ad45d236893291ffd5e9ec00548d3f449938a54ca"
"yaml","config","bmb","bmb/config.yaml","c363fdb003d2a78c8cdb68e3657a5a056e04bf1c739be37256b02e8d820d453b"
"yaml","module","bmb","bmb/bmad-bmb-setup/assets/module.yaml","839af95d4bc13ba702523463017f8036a86352734e08da6d67fb3ce813fcb8e7"
"yaml","module","bmb","bmb/bmad-module-builder/assets/setup-skill-template/assets/module.yaml","4062c41ba4f4333735d7ac4f15f3823b09a964437817ce3e44eb0f766eaf1fbc"
"csv","documentation-requirements","bmm","bmm/bmad-document-project/documentation-requirements.csv","efc91d54787939a2dd2c22400e6b9b6f58835a741ea557e8971b5b333ce666e8"
"csv","domain-complexity","bmm","bmm/bmad-create-prd/data/domain-complexity.csv","4b0d69891b11300bd9228ccfa84a508e76cb702e7abddfc394c5e98d7d3680e1"
"csv","domain-complexity","bmm","bmm/bmad-validate-prd/data/domain-complexity.csv","4b0d69891b11300bd9228ccfa84a508e76cb702e7abddfc394c5e98d7d3680e1"
"csv","domain-complexity","bmm","bmm/bmad-create-architecture/data/domain-complexity.csv","e3d5b01acfdfd9b69d708c7e27f74f4e7366ed72bba16a401ad84a1690711336"
"csv","module-help","bmm","bmm/module-help.csv","389c63b78df252d28a9dc9fbe7ab371718af538ee166b95a0a9cfb8e0362bd38"
"csv","project-types","bmm","bmm/bmad-create-prd/data/project-types.csv","2ea18a3e100f51cf26f0311949e7b7f76c6005e85271df0afd8d1b5632faaf57"
"csv","project-types","bmm","bmm/bmad-validate-prd/data/project-types.csv","2ea18a3e100f51cf26f0311949e7b7f76c6005e85271df0afd8d1b5632faaf57"
"csv","project-types","bmm","bmm/bmad-create-architecture/data/project-types.csv","a2ae4c8f0b8f2dcfe8d6b71588e79dcfa209b54abb51e83382c483dc8a8f1683"
"json","bmad-manifest","bmm","bmm/bmad-product-brief/bmad-manifest.json","e39fc3c0412cbf16ce0e58fab837bc757e46393ad6a82276f2b5c617ad22f22b"
"json","project-scan-report-schema","bmm","bmm/bmad-document-project/templates/project-scan-report-schema.json","771e1c446307bc429d7704950bc7b84b053f951560a41786157544cc542ba9eb"
"md","architecture-decision-template","bmm","bmm/bmad-create-architecture/architecture-decision-template.md","3ee60feb64da70751a2cd4af5aa4792d528b5f2d178894974aa4e1a700a3bb2a"
"md","artifact-analyzer","bmm","bmm/bmad-product-brief/agents/artifact-analyzer.md","44b2c7f238c2115b84b798c161825a54c3490e6f4d6ce45e4aece6943794be47"
"md","brief-template","bmm","bmm/bmad-product-brief/resources/brief-template.md","620f463911d886fd9c17b8e76cd1a00e642b96566dd4c0f9a1d4551b512b04a8"
"md","checklist","bmm","bmm/bmad-document-project/checklist.md","3b6856939315f71dc3ecc5a098c961fdc9f3615d3a032f0bc3dad565ac17bc38"
"md","checklist","bmm","bmm/bmad-dev-story/checklist.md","277b5b2157d37162ed6eb1b4cdfe08bb4100fe719994a8ac8d019339a458995b"
"md","checklist","bmm","bmm/bmad-sprint-planning/checklist.md","cc4f8e9411dbf9e644333790f867d74027aae3721cbc7f11d574536bf903a0aa"
"md","checklist","bmm","bmm/bmad-create-story/checklist.md","857eca22066cd80f2116cdef29a894113d0772de97df230fc269fddb2d25a1c7"
"md","checklist","bmm","bmm/bmad-correct-course/checklist.md","93b788cba72feb78f46c69590b985bedc623fe0f873d928012f75f9e083d8327"
"md","checklist","bmm","bmm/bmad-qa-generate-e2e-tests/checklist.md","3be8258747d56c98605844cdeaa975be096093f13593de2c9fb0131d1a1c40ca"
"md","compile-epic-context","bmm","bmm/bmad-quick-dev/compile-epic-context.md","b02345c6be80db6e429384bb108f3cb66547622edde43d42c498283322633dc3"
"md","contextual-discovery","bmm","bmm/bmad-product-brief/prompts/contextual-discovery.md","7244ef37f9043beebd50e0915efe8307c1b3a86e9442b7a5e15e270924e5a0d5"
"md","deep-dive-instructions","bmm","bmm/bmad-document-project/workflows/deep-dive-instructions.md","1af461a6a9531447f1b1d926245e24004c5773c57330ce7c04cadac68c209001"
"md","deep-dive-template","bmm","bmm/bmad-document-project/templates/deep-dive-template.md","2d098bb425f58d1d49ab5c6b7c1a8c92af9271d281bacafe000fed059a1a206d"
"md","deep-dive-workflow","bmm","bmm/bmad-document-project/workflows/deep-dive-workflow.md","ac41d0f14005a6caa44836af3cc818bb07dda240a4e85e28ce32b69601e91246"
"md","discover-inputs","bmm","bmm/bmad-create-story/discover-inputs.md","19c9b1d6635fc013c8ce62c266cb72314206beb832e397b9b6c17c94df697ac1"
"md","draft-and-review","bmm","bmm/bmad-product-brief/prompts/draft-and-review.md","e2ddd98557d588de308bd653f634028db32fef265d32c68a38f073b2f75061bc"
"md","epics-template","bmm","bmm/bmad-create-epics-and-stories/templates/epics-template.md","d758d8118dc83dd92196c7f154dc9f1a1b07c1b56c731d0fda91f344352abfda"
"md","explain-concept","bmm","bmm/bmad-agent-tech-writer/explain-concept.md","f9406f0372e600449fafc235202b61c9f4c385f84f9fbd16fc1b9890596ea1c1"
"md","finalize","bmm","bmm/bmad-product-brief/prompts/finalize.md","511f437ca086dbdc3979ff8a950b9de0fb05fb45e36327cdaab09d7e51deaf88"
"md","full-scan-instructions","bmm","bmm/bmad-document-project/workflows/full-scan-instructions.md","f28755a33da2a1de2d61cd7309757abcdf2b1a8f4ba95b0caa647e290292a4c3"
"md","full-scan-workflow","bmm","bmm/bmad-document-project/workflows/full-scan-workflow.md","ecff2e4a9471a64cea457bf0298fd36f234f1bad89ec8ade305d673af3b724f3"
"md","guided-elicitation","bmm","bmm/bmad-product-brief/prompts/guided-elicitation.md","552d6e4f9ea8f3cd32013b240ff68630bc4289016a8cb9a90dc54eff56c56613"
"md","index-template","bmm","bmm/bmad-document-project/templates/index-template.md","0e077c2d9d9ccb149a64ed82e67914d90571e23696687cf7a08ac5f2a8b18306"
"md","instructions","bmm","bmm/bmad-document-project/instructions.md","1d0cd062277e1a11bf87bdb3d2c67740f5dc2363e14d40c0d5373e0b6d2af92b"
"md","mermaid-gen","bmm","bmm/bmad-agent-tech-writer/mermaid-gen.md","f1af20cff1ddb4294f1b671eebcb80ebe515278e57ff53c4886798ba97b9f6c4"
"md","opportunity-reviewer","bmm","bmm/bmad-product-brief/agents/opportunity-reviewer.md","38109277671f75c0fdab70ec76043845e546204b39c28d453d0b8484c9801e6c"
"md","prd-purpose","bmm","bmm/bmad-create-prd/data/prd-purpose.md","8c49b3da98b13048ef3c9a2a51fa97747976fe7f4858bf03c63a79c1c7310110"
"md","prd-purpose","bmm","bmm/bmad-edit-prd/data/prd-purpose.md","8c49b3da98b13048ef3c9a2a51fa97747976fe7f4858bf03c63a79c1c7310110"
"md","prd-purpose","bmm","bmm/bmad-validate-prd/data/prd-purpose.md","8c49b3da98b13048ef3c9a2a51fa97747976fe7f4858bf03c63a79c1c7310110"
"md","prd-template","bmm","bmm/bmad-create-prd/templates/prd-template.md","d474ed4ecb6d4a627c9da54ed8d79f156671d7557a7e6a64c9f24c29b8216a71"
"md","project-context-template","bmm","bmm/bmad-generate-project-context/project-context-template.md","9fc198ae90a30c2555fb4d8c8b5ec463ceca03bdae80a2d48f4b623b1e65e7a6"
"md","project-overview-template","bmm","bmm/bmad-document-project/templates/project-overview-template.md","fd1ae5724b19829feb79245b5249c3ebf3cee30d07776939d87c7563e5bf76fd"
"md","readiness-report-template","bmm","bmm/bmad-check-implementation-readiness/templates/readiness-report-template.md","79e63524734308aca3ff4c40fdfaf87521bcea2e94ad0583b47d15915d800733"
"md","research.template","bmm","bmm/bmad-domain-research/research.template.md","94f97bc59c113d947c6f2e1166095e1eebd8aadffb03d4bd188aeec9e51366d6"
"md","research.template","bmm","bmm/bmad-market-research/research.template.md","94f97bc59c113d947c6f2e1166095e1eebd8aadffb03d4bd188aeec9e51366d6"
"md","research.template","bmm","bmm/bmad-technical-research/research.template.md","94f97bc59c113d947c6f2e1166095e1eebd8aadffb03d4bd188aeec9e51366d6"
"md","skeptic-reviewer","bmm","bmm/bmad-product-brief/agents/skeptic-reviewer.md","def9a9dc26ab510de3330968e2369b5cb9ab03d887fe8d03706fd2dbc5b4faf1"
"md","SKILL","bmm","bmm/bmad-product-brief/SKILL.md","722cbf0ff6c700e3c8034e477e1ace8b02d9f09cb3f58df32a8f51d3b39b10ec"
"md","SKILL","bmm","bmm/bmad-agent-analyst/SKILL.md","0bad1e5d0d470f40f0e523f235340844758a6967038454d115061e5107a78eaa"
"md","SKILL","bmm","bmm/bmad-agent-tech-writer/SKILL.md","4b1ea923c3a71d0a3b1bc63166505e96997273ab5488211e035027e3550e56ba"
"md","SKILL","bmm","bmm/bmad-document-project/SKILL.md","0dfea14eb6a5dfc2e14043111a15b6e466d26aaea30c01aec8e2c9ddd2771afa"
"md","SKILL","bmm","bmm/bmad-domain-research/SKILL.md","7b6f642ee6c52441b80cfe7643d730f78737c7e39393fb584a90a2dce97931d8"
"md","SKILL","bmm","bmm/bmad-market-research/SKILL.md","f283ea22ed6ae91fd3c1e1115222299f249560006214a7755a73421874ef72e8"
"md","SKILL","bmm","bmm/bmad-technical-research/SKILL.md","dbe773c702d3056ebe1a7fb1146044291d2ca1b62c1007855f3a9a4dd49b648c"
"md","SKILL","bmm","bmm/bmad-agent-pm/SKILL.md","e5c25e2cd40af7f4ce2050a053dbf5b50a166e5b3b630bc8e2667132dd63add6"
"md","SKILL","bmm","bmm/bmad-agent-ux-designer/SKILL.md","0fa60c2ff3a1a1491d903f56703daee11d681cd3a7e86de14e9a8ffc74e73259"
"md","SKILL","bmm","bmm/bmad-create-prd/SKILL.md","d0c655357eb36f4b5bb81c7ddeb9f14382957142455d7345716cda04612f3880"
"md","SKILL","bmm","bmm/bmad-edit-prd/SKILL.md","202ec71bbce35fd424f0a7b87b26de17c23b033d33bdfa1c24e60fac31798531"
"md","SKILL","bmm","bmm/bmad-validate-prd/SKILL.md","406e20fa773b9f027a8000953b0e99070e5ff3435e8bf14e86b48cbd6546887a"
"md","SKILL","bmm","bmm/bmad-create-ux-design/SKILL.md","9350ba6c6c410d54a60ccd0c900911b09d2f477a03407d55d0e66a6f3933e36b"
"md","SKILL","bmm","bmm/bmad-agent-architect/SKILL.md","968d2d9f692a32e77247d10f70a0463c400883d4232e4d924185b79f7ad953f9"
"md","SKILL","bmm","bmm/bmad-create-architecture/SKILL.md","61823ad079d16479023a4fccae757bd46923daf6d50a4c75d1794fda76b080e8"
"md","SKILL","bmm","bmm/bmad-check-implementation-readiness/SKILL.md","cdc4c3d0151f4db9ac1aeb5d73a3cf25f77fad19ab95cfba40206bd3544eaf4d"
"md","SKILL","bmm","bmm/bmad-create-epics-and-stories/SKILL.md","3f5270aef50d589bfaec5c1e6be1c1763bc0b41093727619d0ec9ebcee10ec76"
"md","SKILL","bmm","bmm/bmad-generate-project-context/SKILL.md","bc1122c1bf6fb2a9a38de17eebbb3b7a302e967d0436659cea8415b6e98b180d"
"md","SKILL","bmm","bmm/bmad-agent-dev/SKILL.md","855ffd90e597dd6ee9fa92960c09502a7dc82c876b6865d123dcaaf3911260cd"
"md","SKILL","bmm","bmm/bmad-dev-story/SKILL.md","dd0854e6b42af353a63083336343df4301293bfc78d307403a0854a4cb482bda"
"md","SKILL","bmm","bmm/bmad-quick-dev/SKILL.md","b3fd571289023328d71fb172434432a897ae5048711782d41a4b0e6cdd2af2a5"
"md","SKILL","bmm","bmm/bmad-sprint-planning/SKILL.md","9a18a25d8352526464089bb62a42131295899c91cd44338cc4f0fb4b596fd024"
"md","SKILL","bmm","bmm/bmad-sprint-status/SKILL.md","54a2d9e6120cfacda7aa39b90621da219d347ede9997c8861347ae08c272d56e"
"md","SKILL","bmm","bmm/bmad-code-review/SKILL.md","c617d9055cd4bde9b30fa36ef1778409a5295460ad6272982a417e038ff31146"
"md","SKILL","bmm","bmm/bmad-create-story/SKILL.md","8db44a3d58e3a7967acdbc86c6c6e4dc6bc2c11a1717db5af1702cdd0b748b0d"
"md","SKILL","bmm","bmm/bmad-correct-course/SKILL.md","184f344c0e57e8a8c9f3f7dc0a0ed60cb2e7447611409582851d97e355c29bf0"
"md","SKILL","bmm","bmm/bmad-retrospective/SKILL.md","2577eb375b1ca6e016e76765e11b70f4f70ed455aabba577f9ae132646c32cb9"
"md","SKILL","bmm","bmm/bmad-qa-generate-e2e-tests/SKILL.md","e2ab92632bbc2964fa50124b48eae1b418fcb450262480a23feba5ac4bbdb5f0"
"md","source-tree-template","bmm","bmm/bmad-document-project/templates/source-tree-template.md","f0094b1e0a9770c8c408b86f978b660c253fe99affcf2b67e1cf7aa9b40e74cb"
"md","spec-template","bmm","bmm/bmad-quick-dev/spec-template.md","487c3f3452077635d1232b77d9deae5e777b07d33ed95421b1e97740a0105c73"
"md","step-01-clarify-and-route","bmm","bmm/bmad-quick-dev/step-01-clarify-and-route.md","4b97ae77da087dad53987bb88c31c201404ead3df139ffb9a732d57ebb35c089"
"md","step-01-discover","bmm","bmm/bmad-generate-project-context/steps/step-01-discover.md","ca5ef1ee1d263c22266e6a55320f8649bf287046fb56882e6da91721756f4160"
"md","step-01-document-discovery","bmm","bmm/bmad-check-implementation-readiness/steps/step-01-document-discovery.md","7f5a079d4efc9fe60f955312bb0c082d95e04ecfd6ff38d5c02e214b3ebb5eb0"
"md","step-01-gather-context","bmm","bmm/bmad-code-review/steps/step-01-gather-context.md","9a3847b4e9f5ed9b5452f48023a63266b3438ad2c03661e25f3eae19e64831f0"
"md","step-01-init","bmm","bmm/bmad-domain-research/domain-steps/step-01-init.md","44142daf99a33168304433a497722b5bce2f4954f24151792a53b686c7199d32"
"md","step-01-init","bmm","bmm/bmad-market-research/steps/step-01-init.md","838fac2f8db8339290390f281e0b0cf6ea4af30f70045df00ce48c6d9745cbb0"
"md","step-01-init","bmm","bmm/bmad-technical-research/technical-steps/step-01-init.md","6388e11f3569404fa5fde2045329ecdb21e4e04647578d8536ce28dced74e7b9"
"md","step-01-init","bmm","bmm/bmad-create-prd/steps-c/step-01-init.md","8e3fc03c830e2064971f719771dfe12eecd2bd654f56a7a5ac3cec1f2863e897"
"md","step-01-init","bmm","bmm/bmad-create-ux-design/steps/step-01-init.md","76576f652f0545318815fb9825f4b9f80c75fa79dd596ccf9f7f4e15576c4070"
"md","step-01-init","bmm","bmm/bmad-create-architecture/steps/step-01-init.md","4fe0bfaa88cb607dd449099e5ec45935cbdfd992dff5a185c50500bc59db6090"
"md","step-01-validate-prerequisites","bmm","bmm/bmad-create-epics-and-stories/steps/step-01-validate-prerequisites.md","42ac40198223c7f35118a143e6472feecec7627a74094662fd3095da2aef0d89"
"md","step-01b-continue","bmm","bmm/bmad-create-prd/steps-c/step-01b-continue.md","ef8376bbff7a3d5e6f8e9e0852de85937f0626cd9149ed674a642cfad3fb280b"
"md","step-01b-continue","bmm","bmm/bmad-create-ux-design/steps/step-01b-continue.md","b53401601de03606d1116c9e603b5786b7905b544da757b1b9354a1469555e9e"
"md","step-01b-continue","bmm","bmm/bmad-create-architecture/steps/step-01b-continue.md","50bd4fa6cde1eed6b7f1dbdd5930c16efea425e9a4e39c4d4c5b2db40c451146"
"md","step-02-context","bmm","bmm/bmad-create-architecture/steps/step-02-context.md","39077aff30be57a21b3b5adacdafc8e0ed8700dd3d90d641431ab38eeb0ba2fc"
"md","step-02-customer-behavior","bmm","bmm/bmad-market-research/steps/step-02-customer-behavior.md","6505a6ff06559880555be60aa366b576abab50501fac7105c0be5772d0c129a7"
"md","step-02-design-epics","bmm","bmm/bmad-create-epics-and-stories/steps/step-02-design-epics.md","78e9d1618975a32070eaa582f293ecaa7c6f82164bc23fd39ac3ce4b85c9e9db"
"md","step-02-discovery","bmm","bmm/bmad-create-prd/steps-c/step-02-discovery.md","19daa341dd260d4816b9b993c89b1c750cfc2fd8764d92cdeced77792735c997"
"md","step-02-discovery","bmm","bmm/bmad-create-ux-design/steps/step-02-discovery.md","054533caf0fb81df741b3360e1e34395592304adb6d7fc93a0dced2fe97c26d3"
"md","step-02-domain-analysis","bmm","bmm/bmad-domain-research/domain-steps/step-02-domain-analysis.md","6ddcb85f91923d5e1eb393570b9e6652438d0e0b09d1af4d51a5934dd9a058a1"
"md","step-02-generate","bmm","bmm/bmad-generate-project-context/steps/step-02-generate.md","5e7a177f86c723b81903a85bc94f70c1a1eaf84b50f8d3b2bacf19d8f83c5d73"
"md","step-02-plan","bmm","bmm/bmad-quick-dev/step-02-plan.md","b24978d17800e786695168d8054f90f9a54def36f6e49c674a621c90c5db501a"
"md","step-02-prd-analysis","bmm","bmm/bmad-check-implementation-readiness/steps/step-02-prd-analysis.md","4eb6415c80413377a2ec1ae09643eecfe5511d0e1240c6a72cf39b1c79e9d070"
"md","step-02-review","bmm","bmm/bmad-code-review/steps/step-02-review.md","0626170e7a59bb60c57181ab41bcff59c8402ea75f427d6905118e6b9750ae4f"
"md","step-02-technical-overview","bmm","bmm/bmad-technical-research/technical-steps/step-02-technical-overview.md","8af97eedf71389a2f24679637d11fda25e18c1da24cb272f2d842185b5f27253"
"md","step-02b-vision","bmm","bmm/bmad-create-prd/steps-c/step-02b-vision.md","dcb56bf928ac764969e31cb72318c33f010c470ba6428663edf2f40a799718b6"
"md","step-02c-executive-summary","bmm","bmm/bmad-create-prd/steps-c/step-02c-executive-summary.md","9acd7ad731c0bd3e9c769f3a5d9884bb1315848bd7fbb3ffb408c01845a1b521"
"md","step-03-competitive-landscape","bmm","bmm/bmad-domain-research/domain-steps/step-03-competitive-landscape.md","d76c3425fc5e1c79b712948c863e84d1ecea86c07731dedc204301142b5156bc"
"md","step-03-complete","bmm","bmm/bmad-generate-project-context/steps/step-03-complete.md","8f497ace87ac8be5a229883627f4b30bc406b18b327a3968873006a74d0d36c2"
"md","step-03-core-experience","bmm","bmm/bmad-create-ux-design/steps/step-03-core-experience.md","927ad4858ad7962d0b716eeb03721a9c93b9d8d2f5f4ca58213b3a41eadfd996"
"md","step-03-create-stories","bmm","bmm/bmad-create-epics-and-stories/steps/step-03-create-stories.md","ba717ef72db102a3ff9c9f29d2719d923891fe38fc6283762663af4f3deacf82"
"md","step-03-customer-pain-points","bmm","bmm/bmad-market-research/steps/step-03-customer-pain-points.md","c3d97327b3e1c7abfdf52da0795dded7c0fd925a14260451b89dd2b58a162720"
"md","step-03-epic-coverage-validation","bmm","bmm/bmad-check-implementation-readiness/steps/step-03-epic-coverage-validation.md","dc5732d598c3d6a1cc1ed19614956bc143d654443a4e68ce1b6d1b419a8d1513"
"md","step-03-implement","bmm","bmm/bmad-quick-dev/step-03-implement.md","88d95ac3c7fea6ba9a77ed4407722b1a23bc24ae1f4475ce30d1bf5660919c81"
"md","step-03-integration-patterns","bmm","bmm/bmad-technical-research/technical-steps/step-03-integration-patterns.md","9ef884e969891334e0d23c1aec301fac5021f39f02fbc518cc0237c1dafe6669"
"md","step-03-starter","bmm","bmm/bmad-create-architecture/steps/step-03-starter.md","f400105bd1bae1d5980c666b3c9cc60da304f8b50c6568481f93c424f687b684"
"md","step-03-success","bmm","bmm/bmad-create-prd/steps-c/step-03-success.md","98dcd09d13eabacfc6dee019dfa30dfafcd9cc9ed3e9573141ff04a16715f427"
"md","step-03-triage","bmm","bmm/bmad-code-review/steps/step-03-triage.md","fe0004375a1e5bfaa12b3de8e845053ae2542245b767169833101d453b363485"
"md","step-04-architectural-patterns","bmm","bmm/bmad-technical-research/technical-steps/step-04-architectural-patterns.md","d25b25ec7131e85d5163990b0914c7e85d209d51fa365788d27cc1b7bba0f3b4"
"md","step-04-customer-decisions","bmm","bmm/bmad-market-research/steps/step-04-customer-decisions.md","3b9dc743dc2523e71bfcc2770c2aa63109f50773eb7b4f04de5fe357376004d9"
"md","step-04-decisions","bmm","bmm/bmad-create-architecture/steps/step-04-decisions.md","41716cf92eb2460d4ca785aad330af3fb41b8ca410b766041df42b5e2bcfbffb"
"md","step-04-emotional-response","bmm","bmm/bmad-create-ux-design/steps/step-04-emotional-response.md","8c9224d824483e8fb38480ba62460d6bb3f5766c856b4702b1dc43afc43e6da3"
"md","step-04-final-validation","bmm","bmm/bmad-create-epics-and-stories/steps/step-04-final-validation.md","300450ca56b41f14893a4f7652a8c6d3595c7ebdc08f4c973bed30207e32d95e"
"md","step-04-journeys","bmm","bmm/bmad-create-prd/steps-c/step-04-journeys.md","309dcc867f59eeffb4f9af09637c07cc8d602e961aa7d0decbbee5b385040b20"
"md","step-04-present","bmm","bmm/bmad-code-review/steps/step-04-present.md","4cb1433149f0c408cff976fdcdf92f13a067490b5d4703c64aaefcf6eea10fd1"
"md","step-04-regulatory-focus","bmm","bmm/bmad-domain-research/domain-steps/step-04-regulatory-focus.md","1febd5dc0218a4df066fac5b021ff7388604492eeeb304b4100f7edd6225a471"
"md","step-04-review","bmm","bmm/bmad-quick-dev/step-04-review.md","63afa2cbd8ee736c0c0813c5deba28d942b0a668570cf81d2a0b079c32edd7ba"
"md","step-04-ux-alignment","bmm","bmm/bmad-check-implementation-readiness/steps/step-04-ux-alignment.md","fe4459ad78f35fc687272234ab1f33b2d28cbfcdee691b069bdecb52ea79176a"
"md","step-05-competitive-analysis","bmm","bmm/bmad-market-research/steps/step-05-competitive-analysis.md","055340f07da2ee26ffb0e17f2d626fd84e362f28c34d9dcfd92a88f7ab3b0117"
"md","step-05-domain","bmm","bmm/bmad-create-prd/steps-c/step-05-domain.md","655cf2a04c62313f61daec1d7c47ed544b51b1d4ff5beedbfd09b2dec0d6a0d4"
"md","step-05-epic-quality-review","bmm","bmm/bmad-check-implementation-readiness/steps/step-05-epic-quality-review.md","df21f43456bf88f742d88676f394cf80bcd0447ad6aa5b47ce2c1e47da79fe6c"
"md","step-05-implementation-research","bmm","bmm/bmad-technical-research/technical-steps/step-05-implementation-research.md","2043d85f69967dab7d753583bbd7ec31a072018381dce88a10b49cdc54492b43"
"md","step-05-inspiration","bmm","bmm/bmad-create-ux-design/steps/step-05-inspiration.md","757a111f01c3304105c75b3f8dd224f075406516f592d51d61888cb49c4e7be6"
"md","step-05-patterns","bmm","bmm/bmad-create-architecture/steps/step-05-patterns.md","ec2d7579aacb6c0d8db51235b6cdada3276f289f3bb8bf17fae7a5b03f37f3ce"
"md","step-05-present","bmm","bmm/bmad-quick-dev/step-05-present.md","fda340fc6f5d935fabeefa770bc5d66a4c44ef5e0928acb56b1f90a560a423ab"
"md","step-05-technical-trends","bmm","bmm/bmad-domain-research/domain-steps/step-05-technical-trends.md","afe1a7f2771a197e55e5205007ed25e83774cbaed215089092f6a166a1147a58"
"md","step-06-design-system","bmm","bmm/bmad-create-ux-design/steps/step-06-design-system.md","d84c81f12f059f78f5e32db3636e7cdad36627ab38e4c374088146797c46d0d0"
"md","step-06-final-assessment","bmm","bmm/bmad-check-implementation-readiness/steps/step-06-final-assessment.md","e82924053a4cc35a3c2bc0e00ec46eaa5942e0f8275e855ecc4e815728d49316"
"md","step-06-innovation","bmm","bmm/bmad-create-prd/steps-c/step-06-innovation.md","d2a5aeccc6d96f6bbe2b99ce087ed1ea5fb03f6b87312babebe9015dc784854c"
"md","step-06-research-completion","bmm","bmm/bmad-market-research/steps/step-06-research-completion.md","511fac360e18513f0cf7da39f610b5c63499aeaec08778aaa9df87d0691750ab"
"md","step-06-research-synthesis","bmm","bmm/bmad-domain-research/domain-steps/step-06-research-synthesis.md","d1c35b1f1cc9c46ea28acd59efa93277dab989e910a83cb5437b3ba6e97e668e"
"md","step-06-research-synthesis","bmm","bmm/bmad-technical-research/technical-steps/step-06-research-synthesis.md","66cf4393666c64ac874ee55fc719a0cf02bfe1162e1bd1fe697dd6d078ab06f5"
"md","step-06-structure","bmm","bmm/bmad-create-architecture/steps/step-06-structure.md","716b78ac868b27d4f236d7f20c4a022b22ed727aa1d3286357b0af0798e4d196"
"md","step-07-defining-experience","bmm","bmm/bmad-create-ux-design/steps/step-07-defining-experience.md","256bf67e9e7189d46e11b208f23723719e58833a23f2b57436c8b491813f2759"
"md","step-07-project-type","bmm","bmm/bmad-create-prd/steps-c/step-07-project-type.md","341d55383eb65beca72ae2591c8c84dfc20a1dcf300dc07ffa658ef61ebce47b"
"md","step-07-validation","bmm","bmm/bmad-create-architecture/steps/step-07-validation.md","3ac7eb78afa1b2a1fb6ea6bfa6f8e6fa023b6de37d05b8a15a9d4af2fedc9999"
"md","step-08-complete","bmm","bmm/bmad-create-architecture/steps/step-08-complete.md","da9a854c0377ad9be2fd43f5aab033dcbaba9d91bd3aada044d2ec3bddb791ec"
"md","step-08-scoping","bmm","bmm/bmad-create-prd/steps-c/step-08-scoping.md","f62e99707dc4f5aba6d65ea5e5cb903b0d4bbcb8db4c7fd15ca6b5985adb5c27"
"md","step-08-visual-foundation","bmm","bmm/bmad-create-ux-design/steps/step-08-visual-foundation.md","d34ce8358b32b8ca1ed3c3a377a2048cac8fdcd930abc63c67af263a80cd64aa"
"md","step-09-design-directions","bmm","bmm/bmad-create-ux-design/steps/step-09-design-directions.md","b0499ace0cc5fa07df38166f93e194c9b74bd064f492c111c3fdbbf2ea9c2254"
"md","step-09-functional","bmm","bmm/bmad-create-prd/steps-c/step-09-functional.md","3b822a686f4d16334dec821f2245b7e88977730962bca16eb69abf85f5e43279"
"md","step-10-nonfunctional","bmm","bmm/bmad-create-prd/steps-c/step-10-nonfunctional.md","ba48ec8df44a1357d0499a5292997ab8f815a880631f27c31cb56f50b85b961e"
"md","step-10-user-journeys","bmm","bmm/bmad-create-ux-design/steps/step-10-user-journeys.md","9bf6d206a5d2227977e9c6a397ecbdf2db493f1d0ad40de0395784a4dd1ed057"
"md","step-11-component-strategy","bmm","bmm/bmad-create-ux-design/steps/step-11-component-strategy.md","6245d706070d7190041d17058cb8b85fd49787195f51bfffb3f7d6db9904aec2"
"md","step-11-polish","bmm","bmm/bmad-create-prd/steps-c/step-11-polish.md","37237181e38b94d5b6820184f52433ca286dcc176aa12129584f7d3ae2d58305"
"md","step-12-complete","bmm","bmm/bmad-create-prd/steps-c/step-12-complete.md","162e7b08e67e9c75316b25afd58417aea0b8d9e9d4bc0e131aab437c9b4d59f5"
"md","step-12-ux-patterns","bmm","bmm/bmad-create-ux-design/steps/step-12-ux-patterns.md","3777083cbc854c357522c9c4fcf58f4b45819eb9adc5a2dd07b1674982670a67"
"md","step-13-responsive-accessibility","bmm","bmm/bmad-create-ux-design/steps/step-13-responsive-accessibility.md","0c5650839e37b005c56982e77df50ece0b3de234703892a7f22566a473a996ec"
"md","step-14-complete","bmm","bmm/bmad-create-ux-design/steps/step-14-complete.md","98097260ff371aa2e47d54c46fffad128fead92df9a661839f45f600b9283578"
"md","step-e-01-discovery","bmm","bmm/bmad-edit-prd/steps-e/step-e-01-discovery.md","84d795b4b5ad011d0d201bfe508a2f28563174f9a332f71329c3f6541be04be8"
"md","step-e-01b-legacy-conversion","bmm","bmm/bmad-edit-prd/steps-e/step-e-01b-legacy-conversion.md","4b41bea83e6eeca50a048de1abf6926fa986a3f2ae0de1030c944aaf2118aded"
"md","step-e-02-review","bmm","bmm/bmad-edit-prd/steps-e/step-e-02-review.md","2d01bae104e41eb3cca84c2992c1427dfdaf447d7df8f243d928473e3797c02d"
"md","step-e-03-edit","bmm","bmm/bmad-edit-prd/steps-e/step-e-03-edit.md","1de3ceaec379d10180f411b4507e7cb5ed59502533363b6f6c82e9fee5833ccd"
"md","step-e-04-complete","bmm","bmm/bmad-edit-prd/steps-e/step-e-04-complete.md","ed03aa54a68c2155dd2e82f43fd2051e09f76f5410dbf9b1d790047a5a29bea4"
"md","step-oneshot","bmm","bmm/bmad-quick-dev/step-oneshot.md","a67666579aa5c68234b5a74594d528036981b9c76405c607cd47b8c6543c2832"
"md","step-v-01-discovery","bmm","bmm/bmad-validate-prd/steps-v/step-v-01-discovery.md","d624ae21325e14407e6d3293a9f8badf002b546dc66145c24a5b127f27209e08"
"md","step-v-02-format-detection","bmm","bmm/bmad-validate-prd/steps-v/step-v-02-format-detection.md","ac1055fc556e3777caff77beedcfdd274ce0c6315581c0f586da5934b11acd31"
"md","step-v-02b-parity-check","bmm","bmm/bmad-validate-prd/steps-v/step-v-02b-parity-check.md","76c4b34f5abc05c52c7071149861dc2e8fd4f44a878c1a3bed4d75561a6c99a8"
"md","step-v-03-density-validation","bmm","bmm/bmad-validate-prd/steps-v/step-v-03-density-validation.md","b05050c98fccfc154f189d6a36d7e6914c6117ca9cc3f05d3574b5f93ff8aae3"
"md","step-v-04-brief-coverage-validation","bmm","bmm/bmad-validate-prd/steps-v/step-v-04-brief-coverage-validation.md","8a47726bd81c29dbe3819d5a453878ec14fb6503b5111b56d6261be2916943b6"
"md","step-v-05-measurability-validation","bmm","bmm/bmad-validate-prd/steps-v/step-v-05-measurability-validation.md","dc8749ab643d967a32cf357664e6867ec7ad799b5df2429897ca00286339c572"
"md","step-v-06-traceability-validation","bmm","bmm/bmad-validate-prd/steps-v/step-v-06-traceability-validation.md","c7cfa2d2ec751948ec1da527ece7ff9bf91dbfc99785158abb67fbf2d2a2ee58"
"md","step-v-07-implementation-leakage-validation","bmm","bmm/bmad-validate-prd/steps-v/step-v-07-implementation-leakage-validation.md","350d4bb13dcacbff8041e70a7caa9e2451cf4ab910614975e7097c9040023c85"
"md","step-v-08-domain-compliance-validation","bmm","bmm/bmad-validate-prd/steps-v/step-v-08-domain-compliance-validation.md","45f5147cf08854b6fff6e55ac969a62d613067be637035824a52262578e33383"
"md","step-v-09-project-type-validation","bmm","bmm/bmad-validate-prd/steps-v/step-v-09-project-type-validation.md","6a48a2c142b724137da25c0ef6f506acf38961ff84aad1de90d5b5b3643ab3ba"
"md","step-v-10-smart-validation","bmm","bmm/bmad-validate-prd/steps-v/step-v-10-smart-validation.md","1120d212f7c0e95da32cf911939166eeb3dd2c60559bce19cc780289246459ba"
"md","step-v-11-holistic-quality-validation","bmm","bmm/bmad-validate-prd/steps-v/step-v-11-holistic-quality-validation.md","491f5d966e42fd57a933e817c5f7874ebc0b8c243c022df68f817b508e5bfe35"
"md","step-v-12-completeness-validation","bmm","bmm/bmad-validate-prd/steps-v/step-v-12-completeness-validation.md","ae832620c6cc993437710485cacb2ef285f0dfef3ba2496a69773aefa3f3f99c"
"md","step-v-13-report-complete","bmm","bmm/bmad-validate-prd/steps-v/step-v-13-report-complete.md","77796533692df3d06358ad8b71df0bf9c27ae5189e831f5fab88b11bb4c728f9"
"md","sync-sprint-status","bmm","bmm/bmad-quick-dev/sync-sprint-status.md","f1ce35a6415f7795e4b7c88acacb003732077bbcba9b4f4c86c54a7c77a99a60"
"md","template","bmm","bmm/bmad-create-story/template.md","31c35d74f9c84250b0b3574ca02c3041b243342e365e1c190a2d27b9971e9aab"
"md","ux-design-template","bmm","bmm/bmad-create-ux-design/ux-design-template.md","e3243405e033ac20fc1f39f2ec39f60629a00599b7638b5b17be8ce1cb65974c"
"md","validate-doc","bmm","bmm/bmad-agent-tech-writer/validate-doc.md","e34d390365d4c09bed23c263cde030a42acf054a71146295a8fb602208ac9ea8"
"md","web-researcher","bmm","bmm/bmad-product-brief/agents/web-researcher.md","f258601592f37448d410bf95f885a9678188fe567c204449e70d3e61708f3c2a"
"md","write-document","bmm","bmm/bmad-agent-tech-writer/write-document.md","ac49869cbeaa4f7e8fa4d6bcebff3280d06678931c57e504e1f9ce8977875667"
"toml","customize","bmm","bmm/bmad-product-brief/customize.toml","897f109b50c5b9c917ce6a8082eb7b4257f388f6610534354383af1f5287f75d"
"toml","customize","bmm","bmm/bmad-agent-analyst/customize.toml","de94873b4a3cc426f99e31b17de267215a0d51df0779da7b52435ed1a965c8d5"
"toml","customize","bmm","bmm/bmad-agent-tech-writer/customize.toml","9b7d62e5cde047ca96ad90fc3f2ebcc1a87a7c0e2c69065ecf84839accda1e02"
"toml","customize","bmm","bmm/bmad-document-project/customize.toml","f8b3b5c279829457e71a76e36861b0a0c31bb688f38c3e9cd5b0fb4571495b1a"
"toml","customize","bmm","bmm/bmad-domain-research/customize.toml","d897c0adfae76d3530aef8fbfc5a726ef5cd9d0d14c6e71693cee3d4587f8284"
"toml","customize","bmm","bmm/bmad-market-research/customize.toml","a890cc32ef7ed60a78f1332fcb6d31d6755057938fa0cd55609693c4c5fab251"
"toml","customize","bmm","bmm/bmad-technical-research/customize.toml","e473b08d96568d69486347144a3d48590a2c3d4eb1e6850e5f5ccefc680fac39"
"toml","customize","bmm","bmm/bmad-agent-pm/customize.toml","a0f4582285b3a2b45e17f4e69c363c39af85de0b3c9b1bc2a7df48c94fe5ab71"
"toml","customize","bmm","bmm/bmad-agent-ux-designer/customize.toml","34920c7492571a0e1e759878a9f5fcd4f93708745bd744b727c8535d5bfeafc7"
"toml","customize","bmm","bmm/bmad-create-prd/customize.toml","192469c6300b8c089312b87bfa943d3c865244bdb268366264367226d82fd287"
"toml","customize","bmm","bmm/bmad-edit-prd/customize.toml","b423dd3d6f84236ae2bb56a4a084af79722a4ac438015e1af3675961851b7028"
"toml","customize","bmm","bmm/bmad-validate-prd/customize.toml","28d83b50ff91bc5882184d8dca311ee7ccfe3324e9e4da23c111e445721f9174"
"toml","customize","bmm","bmm/bmad-create-ux-design/customize.toml","fc0b273e2cf7709ec1c77d9a9c3667b03ae9bedec3f529513b79b8d7815c02fd"
"toml","customize","bmm","bmm/bmad-agent-architect/customize.toml","6af8ef1dbfc5509144c47bf3b647764a541f51c0afcfe8e60c37cd0ade908364"
"toml","customize","bmm","bmm/bmad-create-architecture/customize.toml","f2373d99329b4e88a83c47c2f6930368b7d26a48696b89128605ed3b50e3810a"
"toml","customize","bmm","bmm/bmad-check-implementation-readiness/customize.toml","5d99c84d40d4b1f0472e3b965d8c555516685fe2d8b6e5c45a0d4e61846de157"
"toml","customize","bmm","bmm/bmad-create-epics-and-stories/customize.toml","1ca9a9d83c183754e53eb16a20ebb190338ed757354a930d992e9d3288055220"
"toml","customize","bmm","bmm/bmad-generate-project-context/customize.toml","272ad15cbc9a07d0c2118ed6314edfa758775f66ac32af372a3bb5d73523cfc8"
"toml","customize","bmm","bmm/bmad-agent-dev/customize.toml","160e18d220853f9c1796f9db87a60ad0d51b9e70a07abe48fb684b1c362fd6fd"
"toml","customize","bmm","bmm/bmad-dev-story/customize.toml","fba7237e4dc8177f260eba099d8a150151d404e5ca152700ce76b54060526690"
"toml","customize","bmm","bmm/bmad-quick-dev/customize.toml","1afbf2aa30b7b64ef54f270c653bc0fc8cfc6b819d35b4ff55c160b8759e6c66"
"toml","customize","bmm","bmm/bmad-sprint-planning/customize.toml","7f6c2cfe1f26c1812546d54aa5af5fe0f2b4c74b9c2f58c9a68c86cb2f0b133c"
"toml","customize","bmm","bmm/bmad-sprint-status/customize.toml","33bcb55e2e66bfa21b369605e6fc61003566763540d7583b50184ee6a09590fd"
"toml","customize","bmm","bmm/bmad-code-review/customize.toml","f0f233c95cee1727a4ac118827487dbe1fc21eaf202155114a46cc799ff7a91f"
"toml","customize","bmm","bmm/bmad-create-story/customize.toml","f9901294c67dcba04c35b7e8d1b3bce71ebb1bd87b071153ef35bbbf867b5a58"
"toml","customize","bmm","bmm/bmad-correct-course/customize.toml","81274521d39a2107c377d8c628db565f584d62fbf5493e506a7bdfd53207f37a"
"toml","customize","bmm","bmm/bmad-retrospective/customize.toml","38643d96c35543c3035bcfd51dab72cdb59a3d4d154779d57fa29d7d988fcfab"
"toml","customize","bmm","bmm/bmad-qa-generate-e2e-tests/customize.toml","2ccfed324d4ce44ab0488d84e4efd36b436f44d94329913d9025ac0a0f8f90f5"
"yaml","config","bmm","bmm/config.yaml","226e3e721822cb857d0ac4ccf03e67ef0be4f0df03c87e76f1f423085c9fd01c"
"yaml","sprint-status-template","bmm","bmm/bmad-sprint-planning/sprint-status-template.yaml","e4708569a6ef55e4349e48b0f77400ce04d91b877b16a59c57d1d73e3825d2b8"
"csv","design-methods","cis","cis/skills/bmad-cis-design-thinking/design-methods.csv","97a1fa87aaa355ce855c2c4e3bbfde59cb4ed2166cf9896496af786f10c13459"
"csv","innovation-frameworks","cis","cis/skills/bmad-cis-innovation-strategy/innovation-frameworks.csv","bd1d191062302353d2562a54751f8f263ce47e143202e2c0fe41315c2be9eb95"
"csv","module-help","cis","cis/module-help.csv","67c31582927d1020a018bc92bcb48cde396a37fb856f01cb46c276ab344e6477"
"csv","solving-methods","cis","cis/skills/bmad-cis-problem-solving/solving-methods.csv","f3a380b12b21ec2410d1ac44bc8ca1970b0a04a21bfe3dd0370ac7ed1ec0d2c0"
"csv","story-types","cis","cis/skills/bmad-cis-storytelling/story-types.csv","8cf3d49d3ce771f30b6d9c0c936d35f92b8af23e0962c876df832c02d605f1ce"
"md","SKILL","cis","cis/skills/bmad-cis-agent-brainstorming-coach/SKILL.md","8319b333d17005d3cb217e35425720a6860117da2127a49fd54f26fc4ce4ecbd"
"md","SKILL","cis","cis/skills/bmad-cis-agent-creative-problem-solver/SKILL.md","5e76f1dc0201c8f0a5f62bbf31ddf54abafb4d2ed16c7029d76129a97650cb36"
"md","SKILL","cis","cis/skills/bmad-cis-agent-design-thinking-coach/SKILL.md","9e01ddeb1cde6a09f56e0b299ed1b438e0504626d71f89e133abf5cfb05bb974"
"md","SKILL","cis","cis/skills/bmad-cis-agent-innovation-strategist/SKILL.md","dc87fabf02687931fca5a5d9c7e823a65858667b519361e62239b4a9fb80567e"
"md","SKILL","cis","cis/skills/bmad-cis-agent-presentation-master/SKILL.md","6de03d6f40d5bfa6c907be99c26fa85cfdd6f29ffe32d61f05b036692be9b70f"
"md","SKILL","cis","cis/skills/bmad-cis-agent-storyteller/SKILL.md","0b1e07d4d4e5b8699ada13ae77e5937049f677c8042709e24a22c964f5d6b430"
"md","SKILL","cis","cis/skills/bmad-cis-design-thinking/SKILL.md","2accfa89b433332624d606cdb45e2fc793bb00f64085e362adbc88a79ad2dde9"
"md","SKILL","cis","cis/skills/bmad-cis-innovation-strategy/SKILL.md","b217a43193fbd7aeefa242f0275056d5b1f0d8a5092a13073b570e9765d0d44e"
"md","SKILL","cis","cis/skills/bmad-cis-problem-solving/SKILL.md","4513bdf0a8e23e9e197bd797abb4f2a35805629304408c674fd5266cd8162565"
"md","SKILL","cis","cis/skills/bmad-cis-storytelling/SKILL.md","57070893827957fe3ac1940009367572c5a42f19b934ff9aec2301226f5088db"
"md","template","cis","cis/skills/bmad-cis-design-thinking/template.md","7bcf6d0cd09de3c0d91f3f49ee280177365dabb64ed814b97e83e73082643c37"
"md","template","cis","cis/skills/bmad-cis-innovation-strategy/template.md","ab574d69fa13e21c806101a9089563b541013f6df44255d800ea24d4cb6d7136"
"md","template","cis","cis/skills/bmad-cis-problem-solving/template.md","c46fbdf42a1d9ad732f562e4add05020198ffc7ba18d134718e1cd960752c390"
"md","template","cis","cis/skills/bmad-cis-storytelling/template.md","290615dbd530dc13843a87ebedd107b390bcfd57cf68df67cd250dea8f49b2dd"
"toml","customize","cis","cis/skills/bmad-cis-agent-brainstorming-coach/customize.toml","1f39c1f71956ed7de604d65d22a71a9dd545f7ea79e7d7896cbe7dd5420ee136"
"toml","customize","cis","cis/skills/bmad-cis-agent-creative-problem-solver/customize.toml","22776ffabb4cb872d3449a7df37dc54596f7f94bd551aa865e7680f76fbe0ea6"
"toml","customize","cis","cis/skills/bmad-cis-agent-design-thinking-coach/customize.toml","82a6afc2c758207108eb1a550207cf5938d4045526cc80f4a803e17c60cd2358"
"toml","customize","cis","cis/skills/bmad-cis-agent-innovation-strategist/customize.toml","813ec5fee7c4bbf57114183df762442e98a8917e6b18dc4db43b592a7c68cf03"
"toml","customize","cis","cis/skills/bmad-cis-agent-presentation-master/customize.toml","96bdc857041f90cc6fbfec19ae60f32cb932cedd9abff5293651ffbdf8564cd2"
"toml","customize","cis","cis/skills/bmad-cis-agent-storyteller/customize.toml","ea81e5a186a71b545256eee447e09166b06bd3473e490cba86c8ea1891968baa"
"toml","customize","cis","cis/skills/bmad-cis-design-thinking/customize.toml","b2fe38acfa3d906f898588af4fcea594d0c493911dc60496042a5aca86addb70"
"toml","customize","cis","cis/skills/bmad-cis-innovation-strategy/customize.toml","6f671d4d17c6e4cb880a81384e161b51eea29889d7673d17bcf4353c1a92504f"
"toml","customize","cis","cis/skills/bmad-cis-problem-solving/customize.toml","3683c044711f8548e9f5e7b5e0caa3673f2eee4deb17550f401807da488afe60"
"toml","customize","cis","cis/skills/bmad-cis-storytelling/customize.toml","f4a92a16d196d49c6ad7aef5a24a5a7a50b5da5e6d3c25b6067baa5ae81930cd"
"yaml","config","cis","cis/config.yaml","781b0f226b0bd90c9f6775c3298f231c03d3d6837a1749fc8488bbb9d411023b"
"toml","config","config.toml","config.toml","45ac7f50cdc0b0e6b7720a5459dbbf8ffab48fd25510f63726a1205ea3cf7acd"
"toml","config.user","config.user.toml","config.user.toml","d1e4e6a0c6d616fe311c5f9a9a692aadd404c56e0e10744a6f5640535d699a62"
"csv","brain-methods","core","core/bmad-brainstorming/brain-methods.csv","ac6b25211f30e35d0f6390f165d4a68abb66a4553bae039a7162f4e6dd3594d2"
"csv","methods","core","core/bmad-advanced-elicitation/methods.csv","5919c987bd12404753cdb21a534619422903210bbb8430da0f91364c36e48b53"
"csv","module-help","core","core/module-help.csv","89322fdae59674479b43f5980b737fafde771d5d80e14a74a5ab11e80fa82285"
"md","compression-rules","core","core/bmad-distillator/resources/compression-rules.md","b2d3fed2d5001c32bd24b2f574e1ebfdb93905e7ce37c7472278779008285a96"
"md","distillate-compressor","core","core/bmad-distillator/agents/distillate-compressor.md","a33ade79aa77ad6ee4362c2caa61a5e06ac9e73e283067f0492b5d6eda578968"
"md","distillate-format-reference","core","core/bmad-distillator/resources/distillate-format-reference.md","52c50d9f80cfe783f21ba3dea21ceabc20e65427af973a4ce162c617c510d190"
"md","round-trip-reconstructor","core","core/bmad-distillator/agents/round-trip-reconstructor.md","715d0bf7d3ff6b6de59e2bdf4ed37c7b94bdea81888a4367fdb50ef470040102"
"md","SKILL","core","core/bmad-help/SKILL.md","d985c390b47af8d0ce79303e697699c563478b8963240b33a9c4b04f1f0366bb"
"md","SKILL","core","core/bmad-brainstorming/SKILL.md","9ff6039bc5c8e27d6f025a7841a7b81c124f39f8fe35207d17582b8dd7ef4f33"
"md","SKILL","core","core/bmad-distillator/SKILL.md","23df018b83d20ba4121db0118de88ec6f3b9905eca3930726cb86989fe52075f"
"md","SKILL","core","core/bmad-party-mode/SKILL.md","99e9f6cbf292a8ed8b9a30dd1771e8c8fea67afd1d5febefcf4d1b6fd5e95882"
"md","SKILL","core","core/bmad-shard-doc/SKILL.md","53ca6978c921a08a866163e0b9397ca2a7aeef6525d1b03dec2fbaeaa330fabb"
"md","SKILL","core","core/bmad-advanced-elicitation/SKILL.md","691cff425ed7ce094b0a15e1b028380a7fbdb493d2643f961a64f1dfef02afa5"
"md","SKILL","core","core/bmad-editorial-review-prose/SKILL.md","fcd192fdac73e74f54f5da50644a9e06628e4414e5f7ff1819941c68c5cd681c"
"md","SKILL","core","core/bmad-editorial-review-structure/SKILL.md","6cfd75127bbf2dcefb45ed0b943692be8963259f4ee49138bc6104b38ac65c9f"
"md","SKILL","core","core/bmad-index-docs/SKILL.md","c119b940091cadc8b984af1f87190faa35019201c6cca10f8027d6d57fc4568a"
"md","SKILL","core","core/bmad-review-adversarial-general/SKILL.md","4ba0a2743d77a14c9832b58531c34ce2403fcc3b26f4262c30adbfac3df85ccb"
"md","SKILL","core","core/bmad-review-edge-case-hunter/SKILL.md","4387e5dc46070f3fc4dfd24916f26550c21d5826051613d815fe07f80fe52547"
"md","splitting-strategy","core","core/bmad-distillator/resources/splitting-strategy.md","475ea858d8f4680c703c9eec660b2d30625a5fccb35075289e1f5cb13bb17e20"
"md","step-01-session-setup","core","core/bmad-brainstorming/steps/step-01-session-setup.md","9f5bc497f2623e551e90f922eaff107f4b8663b4ef80da5b8ff930e353b180d2"
"md","step-01b-continue","core","core/bmad-brainstorming/steps/step-01b-continue.md","a2a93a60f7fbc04f17f44d6d3eaeb656cc3a1ca56d6e2d373ff9bea7554d19ce"
"md","step-02a-user-selected","core","core/bmad-brainstorming/steps/step-02a-user-selected.md","e4dfa9225e34705176f15d985de0eea5dd82bbfa28927f77fe0539d4bce55768"
"md","step-02b-ai-recommended","core","core/bmad-brainstorming/steps/step-02b-ai-recommended.md","8413174bb5b59b1c7243cac1cc4823d6e710ca924690ce76ac0f5875ae0af7fa"
"md","step-02c-random-selection","core","core/bmad-brainstorming/steps/step-02c-random-selection.md","5d862d7b85961cb87848c897ab112dac14d57f8d5ed7ead7c798ce918449210d"
"md","step-02d-progressive-flow","core","core/bmad-brainstorming/steps/step-02d-progressive-flow.md","a6fa765cf7b06b25fbb506986887e10667286b846e46e3d6faec807b90b2c15c"
"md","step-03-technique-execution","core","core/bmad-brainstorming/steps/step-03-technique-execution.md","ec4ec0cffd720f94a42001476159a37b0be355fafb80ef586ef478d79d016f66"
"md","step-04-idea-organization","core","core/bmad-brainstorming/steps/step-04-idea-organization.md","e15a6da4f22be28265369a00f82e0ea89cd821b61fdd68d56f5ff04360352359"
"md","template","core","core/bmad-brainstorming/template.md","016492ff5f6ddcf1d2a80b1891eb3a9f473bd108d753b8fe56ade4265cf0f25f"
"md","workflow","core","core/bmad-brainstorming/workflow.md","6f1dae69e09bad9a1bb9b0a95678e07f407593adb04eb95b1ea82b73a7ecc0f5"
"py","analyze_sources","core","core/bmad-distillator/scripts/analyze_sources.py","7da11adf8715520d2088b4c218578bba16d0222c9934fc601cc2ae0fbc7bcbb9"
"py","test_analyze_sources","core","core/bmad-distillator/scripts/tests/test_analyze_sources.py","d51d387dffe410e0b07101fb0e8c381f75cc967a25e08aff52487d67449d719d"
"yaml","config","core","core/config.yaml","fa8df43901325af193c4b36ab53d8c3300bf2ce3f35f579ec68d166cca2ff989"
"file",".gitignore","custom","custom/.gitignore","973b03a33f142c22cf9b65be285bebadd85790b6b55be04637d2f8c716f58fab"
"csv","module-help","dw","dw/bmad-agent-dream-weaver/assets/module-help.csv","4984264033e33c4b4af310b51ada8cd812e602f71d73f6e1d1812784f8c29e0f"
"csv","module-help","dw","dw/module-help.csv","4984264033e33c4b4af310b51ada8cd812e602f71d73f6e1d1812784f8c29e0f"
"md","dream-interpret","dw","dw/bmad-agent-dream-weaver/references/dream-interpret.md","e3593ef9f906174cdf0679a5e0e3dd7bff81f515f6d591ccfe48c6aa763c52c0"
"md","dream-log","dw","dw/bmad-agent-dream-weaver/references/dream-log.md","7bd75398718566d3010cd41285375ffbaee5f09b0f429360fc747f9ad1fd062b"
"md","dream-query","dw","dw/bmad-agent-dream-weaver/references/dream-query.md","0e3006b3c495ffd6915efefcab4008a278029cf43c513ef7565c0edb5ccb71a1"
"md","dream-seed","dw","dw/bmad-agent-dream-weaver/references/dream-seed.md","726ba4489c4da8e775642d4f86e18438d427b75bab8cf55adc1522d5b7480340"
"md","headless-wake","dw","dw/bmad-agent-dream-weaver/references/headless-wake.md","71d6963de96f1e661b29ef238272c8962061a50799bda665dde58a331f102564"
"md","init","dw","dw/bmad-agent-dream-weaver/references/init.md","d1d8c6912629413dda4e21853842764aadc58e23b82ddffb63aaab873693a627"
"md","lucid-coach","dw","dw/bmad-agent-dream-weaver/references/lucid-coach.md","4ffbb922303a5c390c6df14849e3b295e378397cf78794931c7eebbf83374471"
"md","memory-system","dw","dw/bmad-agent-dream-weaver/references/memory-system.md","544388a0af42804e926f5c38aa5b10aba1f075eadba75b7112505805ac8bed93"
"md","module-setup","dw","dw/bmad-agent-dream-weaver/assets/module-setup.md","093a8366dd4dfa765afd78df8b2ddae0489d0cbee26e867b0a6cff7c2e0964d8"
"md","pattern-discovery","dw","dw/bmad-agent-dream-weaver/references/pattern-discovery.md","88b033f88d2b87ad8395855c73d6dded73f8c751b43866de16f2d4384bb9a150"
"md","recall-training","dw","dw/bmad-agent-dream-weaver/references/recall-training.md","7911aaf0ddf308d3f3bdf757e2d0b01b11c34e36a127f691fb39d31311d93802"
"md","save-memory","dw","dw/bmad-agent-dream-weaver/references/save-memory.md","ddbbea1099ebbb1e0b9d42f0d0e59239322a4296311c2d538a26c75ce91fcc0e"
"md","SKILL","dw","dw/bmad-agent-dream-weaver/SKILL.md","3393e0df7aa37f43aee7f598da76b0d1a013d65033881cd134d9cf259497003d"
"py","merge-config","dw","dw/bmad-agent-dream-weaver/scripts/merge-config.py","4d2d116d4e3812c80dc1c2468f069f33de2e260b524ab244ebdec53390474801"
"py","merge-help-csv","dw","dw/bmad-agent-dream-weaver/scripts/merge-help-csv.py","59c481c05c949749e98b0be5bcc6bc053332a4d152493b4a2800fac0ceda8e4d"
"py","recall_metrics","dw","dw/bmad-agent-dream-weaver/scripts/recall_metrics.py","62d6c1fc6ca17e2f7d4e5fb3c25b401f1c278d6000271e512d45bf189ca9abfb"
"py","seed_tracker","dw","dw/bmad-agent-dream-weaver/scripts/seed_tracker.py","067b8bc811436e3424ed02deb597194a636d79d4d0df7d5b53476fd69ccf421d"
"py","symbol_stats","dw","dw/bmad-agent-dream-weaver/scripts/symbol_stats.py","b87837a3f2aaed6253c358ebb6a9d2a2ff3671022358f5ebd288908cca613e58"
"py","test_recall_metrics","dw","dw/bmad-agent-dream-weaver/scripts/tests/test_recall_metrics.py","4ddd7ee148400ff6470590873f96fc4662849cda414efc9118f747cb28fb4105"
"py","test_seed_tracker","dw","dw/bmad-agent-dream-weaver/scripts/tests/test_seed_tracker.py","88128f7e064ee24198bfabccd16358fa292159c7a5e9a7c5919ecdbfe8de3eeb"
"py","test_symbol_stats","dw","dw/bmad-agent-dream-weaver/scripts/tests/test_symbol_stats.py","f643b5e58862e2f319d7d42cd10a2cf12ac1890e994fa2a60dbdeedf02e4d2e5"
"yaml","config","dw","dw/config.yaml","f05861217f00dd97bcbe4295023ceb22de9f6ddc5804396c89829431c8150f56"
"yaml","module","dw","dw/bmad-agent-dream-weaver/assets/module.yaml","d82c983df3b0232f411bf7e147eaee81c80b2d38c3ad3477770e73c6488601c8"
"csv","documentation-requirements","gds","gds/workflows/gds-document-project/documentation-requirements.csv","efc91d54787939a2dd2c22400e6b9b6f58835a741ea557e8971b5b333ce666e8"
"csv","domain-complexity","gds","gds/workflows/2-design/gds-create-prd/data/domain-complexity.csv","4b0d69891b11300bd9228ccfa84a508e76cb702e7abddfc394c5e98d7d3680e1"
"csv","domain-complexity","gds","gds/workflows/2-design/gds-validate-prd/data/domain-complexity.csv","4b0d69891b11300bd9228ccfa84a508e76cb702e7abddfc394c5e98d7d3680e1"
"csv","game-brain-methods","gds","gds/workflows/1-preproduction/gds-brainstorm-game/game-brain-methods.csv","f6fb96d2134a941ad0dd6cbdcb7bdcc01b7c04b1009e196cf859fc330f843bdb"
"csv","game-types","gds","gds/workflows/2-design/gds-create-gdd/game-types.csv","4f4a61090a084188178340aa08edaa8f3a08029bac7f01f23f228723b9524a59"
"csv","genre-complexity","gds","gds/workflows/2-design/gds-validate-gdd/data/genre-complexity.csv","61b2b1e2c6e2f0b9531b6a0beae959e0b9e440e1b27cf544b2c82c6b58dd3ce1"
"csv","module-help","gds","gds/module-help.csv","3feee7f980f84202dacede86afd0fd2bfe435fa688164357d161d1b75d040ccf"
"csv","pattern-categories","gds","gds/workflows/3-technical/gds-game-architecture/pattern-categories.csv","490bb6b7d5abfd5c1b20dca04399870c030b5d5d2db7148621d43f08044616e8"
"csv","project-types","gds","gds/workflows/2-design/gds-create-prd/data/project-types.csv","2ea18a3e100f51cf26f0311949e7b7f76c6005e85271df0afd8d1b5632faaf57"
"csv","project-types","gds","gds/workflows/2-design/gds-validate-prd/data/project-types.csv","2ea18a3e100f51cf26f0311949e7b7f76c6005e85271df0afd8d1b5632faaf57"
"csv","qa-index","gds","gds/agents/gds-agent-game-dev/gametest/qa-index.csv","a94275a48134c19edbd8b4c457dfbde049e003cbce0a86a4c79b19ca91809dc2"
"json","project-scan-report-schema","gds","gds/workflows/gds-document-project/templates/project-scan-report-schema.json","4c27adf9407907f31150d03d233f782f165aae9f754ecfa5532d0eed36c8bc94"
"md","action-platformer","gds","gds/workflows/2-design/gds-create-gdd/game-types/action-platformer.md","f711632d2a1067243347cfa5686488377421b8a0337e32ab06031c7d1051cb76"
"md","adventure","gds","gds/workflows/2-design/gds-create-gdd/game-types/adventure.md","2a242677235821099af6adcfc4a17dbeabe9ad914fb5c4599eab4f8691c86402"
"md","architecture-template","gds","gds/workflows/3-technical/gds-game-architecture/templates/architecture-template.md","1522ecf71409013bd057b8bc175744c9c0d988ae1c50f197c342ad26e8ece1d2"
"md","backlog-template","gds","gds/workflows/4-production/gds-code-review/backlog-template.md","42c4a61b30a8d1bfc670934db31622097b679ceee80f7744de823a77fa6ccd42"
"md","balance-testing","gds","gds/agents/gds-agent-game-dev/gametest/knowledge/balance-testing.md","aeea1da343ec80b7fbec0cc6ddc49cc70f9be1d6240644c3f065b42322886f0b"
"md","card-game","gds","gds/workflows/2-design/gds-create-gdd/game-types/card-game.md","63a72a7cd8e9c15ff0778ca2af49ee146daf7a8d0772f83afc6e8421b088b1fd"
"md","certification-testing","gds","gds/agents/gds-agent-game-dev/gametest/knowledge/certification-testing.md","70a96efd6ba9f726057a896d0107d0f35f390749da8da373565e5b2f2b2fbfea"
"md","checklist","gds","gds/workflows/1-preproduction/gds-create-game-brief/checklist.md","ddb4129f1f7474f25e78a4836410d6b3432ee5c6344414647ce3c8c3af1c56f5"
"md","checklist","gds","gds/workflows/2-design/gds-create-gdd/checklist.md","43da9cadbca5dc6a18f998560ac85cb471ebf265ed1fc292b30b5e5046f424a2"
"md","checklist","gds","gds/workflows/2-design/gds-create-narrative/checklist.md","e780d2703a61e6f9b6bdf0d624671140a9b93e42cdf9dcd521f41d5a7be9f967"
"md","checklist","gds","gds/workflows/3-technical/gds-game-architecture/checklist.md","0df887272138bfb3d05d963ef24648b5338d22f8cbe8c58b539ee38b977f42aa"
"md","checklist","gds","gds/workflows/4-production/gds-code-review/checklist.md","dce9eaefa805082b447b2db3cef98cba72d71eb9fae62c7ebd5c0760340134cb"
"md","checklist","gds","gds/workflows/4-production/gds-correct-course/checklist.md","93b788cba72feb78f46c69590b985bedc623fe0f873d928012f75f9e083d8327"
"md","checklist","gds","gds/workflows/4-production/gds-create-story/checklist.md","0291e068003dda0359c41b925beee202ad083e632061e26fa37bdfb9f09cd6c6"
"md","checklist","gds","gds/workflows/4-production/gds-dev-story/checklist.md","277b5b2157d37162ed6eb1b4cdfe08bb4100fe719994a8ac8d019339a458995b"
"md","checklist","gds","gds/workflows/4-production/gds-sprint-planning/checklist.md","cc4f8e9411dbf9e644333790f867d74027aae3721cbc7f11d574536bf903a0aa"
"md","checklist","gds","gds/workflows/gametest/gds-e2e-scaffold/checklist.md","4bef23b4063d2f6caf26d9d2baba4cc69ea2c54c3f6096c70de80b5b8fd1b130"
"md","checklist","gds","gds/workflows/gametest/gds-performance-test/checklist.md","985a67a8c278f43096b9f52c59182e8de9ae9a55b04808fb740951809a3f96a5"
"md","checklist","gds","gds/workflows/gametest/gds-playtest-plan/checklist.md","d79ecf7b93060a46d9912a90973eab3d0dfeac68815b5275d2c1a5f7416cf952"
"md","checklist","gds","gds/workflows/gametest/gds-test-automate/checklist.md","83290eb804ca6b3d4283c7f69db1d9fb3160b8da708639303177c71af4408f2e"
"md","checklist","gds","gds/workflows/gametest/gds-test-design/checklist.md","5542d92ad346ebfb86a2415a2217707ca76b3d39bf234280062a31b6e28bf875"
"md","checklist","gds","gds/workflows/gametest/gds-test-framework/checklist.md","6ecc1995f2e0f94984d65a7b246a30e9bddaed217f0a48127e022254ee3c356e"
"md","checklist","gds","gds/workflows/gametest/gds-test-review/checklist.md","1f4abe8931ba4964d8db592cdad287df858f834c45cadd20bf7e1588ada5d2ee"
"md","checklist","gds","gds/workflows/gds-document-project/checklist.md","3b6856939315f71dc3ecc5a098c961fdc9f3615d3a032f0bc3dad565ac17bc38"
"md","compatibility-testing","gds","gds/agents/gds-agent-game-dev/gametest/knowledge/compatibility-testing.md","1a26a1726abb77f7b482ba35d16f17ab574bfd62b4a025565e8645bae228fe6a"
"md","compile-epic-context","gds","gds/workflows/gds-quick-flow/gds-quick-dev/compile-epic-context.md","b02345c6be80db6e429384bb108f3cb66547622edde43d42c498283322633dc3"
"md","deep-dive-instructions","gds","gds/workflows/gds-document-project/workflows/deep-dive-instructions.md","fb4dc4211f52fc4fa5c75d7e6bfecc7acfb5109a7dcf00a34be676a262b445ee"
"md","deep-dive-template","gds","gds/workflows/gds-document-project/templates/deep-dive-template.md","2d098bb425f58d1d49ab5c6b7c1a8c92af9271d281bacafe000fed059a1a206d"
"md","deep-dive-workflow","gds","gds/workflows/gds-document-project/workflows/deep-dive-workflow.md","9b84b4700af5ee54d102e98a9945ba0d26dcb3ea1f7a1ce9d7e5d9726e92a414"
"md","discover-inputs","gds","gds/workflows/4-production/gds-code-review/discover-inputs.md","19c9b1d6635fc013c8ce62c266cb72314206beb832e397b9b6c17c94df697ac1"
"md","discover-inputs","gds","gds/workflows/4-production/gds-create-story/discover-inputs.md","19c9b1d6635fc013c8ce62c266cb72314206beb832e397b9b6c17c94df697ac1"
"md","documentation-standards","gds","gds/agents/gds-agent-tech-writer/documentation-standards.md","6e7ac71138275d95c3c9160f3dffe1d6c4cc77bb97231b60b5463a6cdf42adba"
"md","e2e-testing","gds","gds/agents/gds-agent-game-dev/gametest/knowledge/e2e-testing.md","c3b6738f5dfc5e19699eb7a976ab53367762a6504ec1efd7c045926ea69707b7"
"md","epics-template","gds","gds/workflows/3-technical/gds-create-epics-and-stories/templates/epics-template.md","019cede457d98e414a76128b817cbc33f60b5d775ed93837ab9953ce82875ff1"
"md","explain-concept","gds","gds/agents/gds-agent-tech-writer/explain-concept.md","f9406f0372e600449fafc235202b61c9f4c385f84f9fbd16fc1b9890596ea1c1"
"md","fighting","gds","gds/workflows/2-design/gds-create-gdd/game-types/fighting.md","a3da81cf6924927931eb7338753ae8a03028a7e5e26a31428c737a151e02950f"
"md","full-scan-instructions","gds","gds/workflows/gds-document-project/workflows/full-scan-instructions.md","55da299a8362b3ebfb576d3d4c8243b4e6c94f3427ba74e16dea94ff6346da01"
"md","full-scan-workflow","gds","gds/workflows/gds-document-project/workflows/full-scan-workflow.md","89561790ea8024466557750cfe47a94b5e2402f471b60292d64cf73bd718819e"
"md","game-brief-template","gds","gds/workflows/1-preproduction/gds-create-game-brief/templates/game-brief-template.md","f2c83b06e8e403bb946de0bed6e4245c66e3b0202d9790432f56319cb8b661be"
"md","game-context","gds","gds/workflows/1-preproduction/gds-brainstorm-game/game-context.md","d362430b87dfe8a9b8c3bf9ae6820235b0d46bbed326591cbb58acdb5ff70640"
"md","gdd-purpose","gds","gds/workflows/2-design/gds-edit-gdd/data/gdd-purpose.md","f8b843b41291af4a6918004f5027aa9a1341965741ab089bc46efdeb9f9ea03b"
"md","gdd-purpose","gds","gds/workflows/2-design/gds-validate-gdd/data/gdd-purpose.md","f8b843b41291af4a6918004f5027aa9a1341965741ab089bc46efdeb9f9ea03b"
"md","gdd-template","gds","gds/workflows/2-design/gds-create-gdd/templates/gdd-template.md","791dfdf0ac71a2e249984c07ca47938dcc2c602c935547124cb1eeccd3d1fbaf"
"md","godot-engine","gds","gds/workflows/3-technical/gds-game-architecture/knowledge/godot-engine.md","f554b80ed5aa61d8ac4fd2fb384aea46e38eef1695744bedddb88e24e445f2e9"
"md","godot-testing","gds","gds/agents/gds-agent-game-dev/gametest/knowledge/godot-testing.md","ccfdf5f7ecbc33bd3f5549bfcd47c991e6cd0c8d32719ad838e80406eda3b825"
"md","horror","gds","gds/workflows/2-design/gds-create-gdd/game-types/horror.md","7ae5d591692bf36b014da7ca3b9683d6dfe744e9a85915bc18b8e8639122a2aa"
"md","idle-incremental","gds","gds/workflows/2-design/gds-create-gdd/game-types/idle-incremental.md","410e8aa9473ef6189bc550de4721336ae3a9a1a82663388a9cea2a42726bd908"
"md","index-template","gds","gds/workflows/gds-document-project/templates/index-template.md","0e077c2d9d9ccb149a64ed82e67914d90571e23696687cf7a08ac5f2a8b18306"
"md","input-testing","gds","gds/agents/gds-agent-game-dev/gametest/knowledge/input-testing.md","832d5183c9629e2423cc7221781afc87459cb9f735b2fc60257165d33736ecc6"
"md","instructions","gds","gds/workflows/gds-document-project/instructions.md","b812c674e04bcb7a82cbb89f71daae35713c7448569260ad61be8e081d375062"
"md","localization-testing","gds","gds/agents/gds-agent-game-dev/gametest/knowledge/localization-testing.md","3ac685205ac1d8dea63574a98501f5636614fbf2933d555d718acb0dbf3d3f4b"
"md","mermaid-gen","gds","gds/agents/gds-agent-tech-writer/mermaid-gen.md","f1af20cff1ddb4294f1b671eebcb80ebe515278e57ff53c4886798ba97b9f6c4"
"md","metroidvania","gds","gds/workflows/2-design/gds-create-gdd/game-types/metroidvania.md","2faa33591d6bac3c0e8c4cafe823d94b9f5f9236a1c22d38683fdb784c156b85"
"md","moba","gds","gds/workflows/2-design/gds-create-gdd/game-types/moba.md","9871adb9aacf4e503f4f339e5028a30ca16916e53770038c5568eb13f961acbb"
"md","multiplayer-testing","gds","gds/agents/gds-agent-game-dev/gametest/knowledge/multiplayer-testing.md","fa00a075cdbcbf21ae921148c33647280ad12b4c88f2eba3854d24c7b060824b"
"md","narrative-template","gds","gds/workflows/2-design/gds-create-narrative/templates/narrative-template.md","e12110346082ed4cbd444fce0ba0e1cc5c074dfd72ce503f00ce4df24bbf3ef3"
"md","party-game","gds","gds/workflows/2-design/gds-create-gdd/game-types/party-game.md","7de09c182571046e25d2f4c4bdaa8a1dd2a96c8a50606bcf253ed8ba370ddae1"
"md","performance-template","gds","gds/workflows/gametest/gds-performance-test/performance-template.md","71097a22589f0c21af4c32df7b63699b7b54174f1fae96dc482c5f3d27daa6e4"
"md","performance-testing","gds","gds/agents/gds-agent-game-dev/gametest/knowledge/performance-testing.md","572f7ca584e08bb876be2fc64ba6895decc96780cbe9b4c8e8de7730d07ad929"
"md","phaser-engine","gds","gds/workflows/3-technical/gds-game-architecture/knowledge/phaser-engine.md","9e399909bb7a7b1c8264f90230fa0f395794d4ee0987efe553c77b0da7be45ba"
"md","playtest-template","gds","gds/workflows/gametest/gds-playtest-plan/playtest-template.md","3c6120ba19f21440cec2817a4a8722509b65ac73b98f6768d3fb33a14c005cbb"
"md","playtesting","gds","gds/agents/gds-agent-game-dev/gametest/knowledge/playtesting.md","38dd38b24e7996323a3c78f74f9786340f22ee11ff857d42e45cdd7080cecca5"
"md","prd-purpose","gds","gds/workflows/2-design/gds-create-prd/data/prd-purpose.md","22ba989ca8aa4757d46e35736fef51272913acabb6e763bcbdb6f8d718324966"
"md","prd-purpose","gds","gds/workflows/2-design/gds-edit-prd/data/prd-purpose.md","22ba989ca8aa4757d46e35736fef51272913acabb6e763bcbdb6f8d718324966"
"md","prd-purpose","gds","gds/workflows/2-design/gds-validate-prd/data/prd-purpose.md","22ba989ca8aa4757d46e35736fef51272913acabb6e763bcbdb6f8d718324966"
"md","prd-template","gds","gds/workflows/2-design/gds-create-prd/templates/prd-template.md","d474ed4ecb6d4a627c9da54ed8d79f156671d7557a7e6a64c9f24c29b8216a71"
"md","project-context-template","gds","gds/workflows/3-technical/gds-generate-project-context/project-context-template.md","3cc240744e23cdb1048b76ecc2c0cfccb5ba1140ec9dfb47a19587a59f321c87"
"md","project-overview-template","gds","gds/workflows/gds-document-project/templates/project-overview-template.md","fd1ae5724b19829feb79245b5249c3ebf3cee30d07776939d87c7563e5bf76fd"
"md","puzzle","gds","gds/workflows/2-design/gds-create-gdd/game-types/puzzle.md","0e127487feb570735f166a7e51ecbdd69d7cb7de73439c62ef5e87b6e5b6b8f9"
"md","qa-automation","gds","gds/agents/gds-agent-game-dev/gametest/knowledge/qa-automation.md","fae6a6e9977cf52b10fffc85c5be41fe5c11c5aec9b885f44d42e37513b9f370"
"md","racing","gds","gds/workflows/2-design/gds-create-gdd/game-types/racing.md","e2c21ad6ae9bfdf1a309dc5a3ba3390dfb7de9a98bdfb4d7723e2c04750c9878"
"md","readiness-report-template","gds","gds/workflows/3-technical/gds-check-implementation-readiness/templates/readiness-report-template.md","79e63524734308aca3ff4c40fdfaf87521bcea2e94ad0583b47d15915d800733"
"md","regression-testing","gds","gds/agents/gds-agent-game-dev/gametest/knowledge/regression-testing.md","b35564996e952fe1e32c1d59d69e8ceb76dbe3cf96a852ff119082d281d00e77"
"md","research.template","gds","gds/workflows/1-preproduction/research/gds-domain-research/research.template.md","94f97bc59c113d947c6f2e1166095e1eebd8aadffb03d4bd188aeec9e51366d6"
"md","research.template","gds","gds/workflows/1-preproduction/research/research.template.md","94f97bc59c113d947c6f2e1166095e1eebd8aadffb03d4bd188aeec9e51366d6"
"md","rhythm","gds","gds/workflows/2-design/gds-create-gdd/game-types/rhythm.md","099462e504db8de6fe4e6176a2e0667a2beb3700147d733a4e5a44f7aba4d9d1"
"md","roguelike","gds","gds/workflows/2-design/gds-create-gdd/game-types/roguelike.md","13db5439305b6f8c5a985839552326ca0da359d861251b10f7585b7f123a848c"
"md","rpg","gds","gds/workflows/2-design/gds-create-gdd/game-types/rpg.md","861d9a803a43e4b95f048a0ff274ef56dbbfb8d83fea696237814731ae13e4f4"
"md","sandbox","gds","gds/workflows/2-design/gds-create-gdd/game-types/sandbox.md","404b16e49aefdeda1e022a07fb680a1584c0e1a00ddda003e80eab748e01d270"
"md","save-testing","gds","gds/agents/gds-agent-game-dev/gametest/knowledge/save-testing.md","c354bbbe048c32fbd8bf581de329ff933ec28e044b431888f8ca53d76434eaf1"
"md","shooter","gds","gds/workflows/2-design/gds-create-gdd/game-types/shooter.md","185d8722cf25471768440921b7b5bdca8bf58464358bd50556811fa0746e3e0c"
"md","simulation","gds","gds/workflows/2-design/gds-create-gdd/game-types/simulation.md","bbb0c3dd09cb4289c2d297aeb49d1b0261151037dd8728fddee8ab7683bfc995"
"md","SKILL","gds","gds/agents/gds-agent-game-architect/SKILL.md","aa214f8f7a59c8b05a3352d36c9a731e7133c7d59590ea0ffc3845b571f85e50"
"md","SKILL","gds","gds/agents/gds-agent-game-designer/SKILL.md","8cbb51f54c4de2760cebf75fb3af680ad13613df6887e169219c7f02079f7173"
"md","SKILL","gds","gds/agents/gds-agent-game-dev/SKILL.md","dea2f9a52528ecaa5f9a51e59742549d61aba3fa25cb3bcee1723d98c46ecd3c"
"md","SKILL","gds","gds/agents/gds-agent-game-solo-dev/SKILL.md","a8d62c013da1c2e796f58ea6e3ec8e31da0e15edb44c8591c4746d560de65bea"
"md","SKILL","gds","gds/agents/gds-agent-tech-writer/SKILL.md","44d26524e37f1d4aada6f4eacfaaf189d149a6101ac6c93fd6fdef4de8b9ca54"
"md","SKILL","gds","gds/workflows/1-preproduction/gds-brainstorm-game/SKILL.md","8344b2d12a196229432af94f132f89919e73b6efa2c2665d13b6565154b3f89f"
"md","SKILL","gds","gds/workflows/1-preproduction/gds-create-game-brief/SKILL.md","84521e3b3616db9fbb19fc79a8f77db861fe139b245d66adc35dc49fb8b0fc9b"
"md","SKILL","gds","gds/workflows/1-preproduction/research/gds-domain-research/SKILL.md","6153e050a47ea4b35eff1e25396fc04f59cd21d099fe365b13f7df99aa928e46"
"md","SKILL","gds","gds/workflows/2-design/gds-create-gdd/SKILL.md","18410f66906662f025b1355e8157dc608f0af633a4a46ac5e9d293188e71c7a0"
"md","SKILL","gds","gds/workflows/2-design/gds-create-narrative/SKILL.md","b5eeba9ee52074983f1d835639026f73248edc0704e02abd7ce5a3ef96d7079e"
"md","SKILL","gds","gds/workflows/2-design/gds-create-prd/SKILL.md","54ad24b8990afe6c0aff0362c095cfaa55f747519938b66ac1ed22cbfb9ffdad"
"md","SKILL","gds","gds/workflows/2-design/gds-create-ux-design/SKILL.md","c2e0a2de46ea7b511b648b04eead2166653cca4db319a7c2547149873b514cef"
"md","SKILL","gds","gds/workflows/2-design/gds-edit-gdd/SKILL.md","81b4837d0230abc6d230648cc04f28b7eee5010ecad677c94c6bb70e527a04d7"
"md","SKILL","gds","gds/workflows/2-design/gds-edit-prd/SKILL.md","77baab8a123b4677ef48660ca2a3f3062293fbeacb0703b5701c5cf9bca002bf"
"md","SKILL","gds","gds/workflows/2-design/gds-validate-gdd/SKILL.md","855f60423c7705941b1dc01fe87b78280a5421bcd558a80a00c992f17d9fe9dc"
"md","SKILL","gds","gds/workflows/2-design/gds-validate-prd/SKILL.md","22ecb473b5078912e3fc8bc0a6f3ec385d990110ff2fd6eae80ce3abd9fe4998"
"md","SKILL","gds","gds/workflows/3-technical/gds-check-implementation-readiness/SKILL.md","4e14c87cccf1c62b76cc992b50aaa64c05c3b5c8ea0eb10a6f25fc4178ce5191"
"md","SKILL","gds","gds/workflows/3-technical/gds-create-epics-and-stories/SKILL.md","3738293ef7c91bdc73e2957e05b5110d9c662aa7be8ba557e17a7466472d42b3"
"md","SKILL","gds","gds/workflows/3-technical/gds-game-architecture/SKILL.md","33df8a8f17907f9eaaab9ac8fab3072413a7b05bc6fb6ac19318c3bedccf8642"
"md","SKILL","gds","gds/workflows/3-technical/gds-generate-project-context/SKILL.md","7cd45ee5fc424da816d710f2e31dbce360273aeb0673313861f9042abb37fec0"
"md","SKILL","gds","gds/workflows/4-production/gds-code-review/SKILL.md","91ee9f3547d20daf2d517beadf8e22a06c4a8bde36f55ae4046e88f1988be654"
"md","SKILL","gds","gds/workflows/4-production/gds-correct-course/SKILL.md","04fdefd9501143e8fe78fc6a5b5cef5d6f704b2786a493d32a1b43e4c7e7a20c"
"md","SKILL","gds","gds/workflows/4-production/gds-create-story/SKILL.md","10d9c711132629b68b4ec2d8cd2c454f5c155651e85d71e86bfb9b83d5424d5a"
"md","SKILL","gds","gds/workflows/4-production/gds-dev-story/SKILL.md","eda4731db99e85d1f8978f9d87eb802ddc6f025478c08a4c34cbb3af79c14b91"
"md","SKILL","gds","gds/workflows/4-production/gds-retrospective/SKILL.md","13b167b66e2d0cbe25c33fb9580500b8bbb11a057dd84030c961bc0cddef65d5"
"md","SKILL","gds","gds/workflows/4-production/gds-sprint-planning/SKILL.md","79450adab1e5b065452991aeaaa00444e22bbba958c9d9064127fac7ca06f90f"
"md","SKILL","gds","gds/workflows/4-production/gds-sprint-status/SKILL.md","302bdee9ee926b2f1d8b437947ee327366c20fe28539b84d60ecb602f64c984f"
"md","SKILL","gds","gds/workflows/gametest/gds-e2e-scaffold/SKILL.md","4ff511c5a797a6ee6c6c906769059328270af327afc7fa2f7cb72a2f71aed0c1"
"md","SKILL","gds","gds/workflows/gametest/gds-performance-test/SKILL.md","9d3613e06a2e8384c200330bf6829418a4a97e33c1055d7b6a79bb845a5b7690"
"md","SKILL","gds","gds/workflows/gametest/gds-playtest-plan/SKILL.md","679e61c66ddf53aa2d835c38ce43d3c187dc5a24df4c8af31c0ec471b4ce7f55"
"md","SKILL","gds","gds/workflows/gametest/gds-test-automate/SKILL.md","220831b294ce69fdcb897a7ee7cc1ae46b67c6cef06dc08c5f6c0dd7177f24bc"
"md","SKILL","gds","gds/workflows/gametest/gds-test-design/SKILL.md","2cec2a429e283fa30f84384e72099e0546963f02c1971dc2a04f53ff3fb0bf6a"
"md","SKILL","gds","gds/workflows/gametest/gds-test-framework/SKILL.md","34013256390567f5b1e38b6f1c77d9effeef4ba8745fe8555462fe7803b8a026"
"md","SKILL","gds","gds/workflows/gametest/gds-test-review/SKILL.md","3de7a69d68db339c47144cbd6b346fa526fedbf3a380b4027a5d7385a8dcc6b9"
"md","SKILL","gds","gds/workflows/gds-document-project/SKILL.md","70d8d59c68f17fa7b93f74820ba95ab22a7a694f4a286eae93bff8dceeb5d64a"
"md","SKILL","gds","gds/workflows/gds-quick-flow/gds-quick-dev/SKILL.md","2f3ce14dabfa71e1150a77d1c5ca77595abcf407cb9238476e67c5bed0c720ec"
"md","smoke-testing","gds","gds/agents/gds-agent-game-dev/gametest/knowledge/smoke-testing.md","1b33fe5eb2305103b96cd4a755640f4fa08f8ffc8c59a0fe04110c1532078866"
"md","source-tree-template","gds","gds/workflows/gds-document-project/templates/source-tree-template.md","f0094b1e0a9770c8c408b86f978b660c253fe99affcf2b67e1cf7aa9b40e74cb"
"md","spec-template","gds","gds/workflows/gds-quick-flow/gds-quick-dev/spec-template.md","487c3f3452077635d1232b77d9deae5e777b07d33ed95421b1e97740a0105c73"
"md","sports","gds","gds/workflows/2-design/gds-create-gdd/game-types/sports.md","f2f582cd89412e803f9714e5f44ee9854ed2d1a2debd588900fc1792756057b7"
"md","step-01-clarify-and-route","gds","gds/workflows/gds-quick-flow/gds-quick-dev/step-01-clarify-and-route.md","4b97ae77da087dad53987bb88c31c201404ead3df139ffb9a732d57ebb35c089"
"md","step-01-discover","gds","gds/workflows/3-technical/gds-generate-project-context/steps/step-01-discover.md","54cfaa77d7528d319a089bc1f97f1d8b6d421688e7e888faaf0bac7d387f0c4e"
"md","step-01-document-discovery","gds","gds/workflows/3-technical/gds-check-implementation-readiness/steps/step-01-document-discovery.md","67bb32cc42c91561da6572c237c3a76b14e6eef9b029255a3d102324dfc9debf"
"md","step-01-gather-context","gds","gds/workflows/4-production/gds-code-review/steps/step-01-gather-context.md","21650361b3eb0aeb5786a8f42abb3ce1b950a74480af00f89ef2dea54b483b5e"
"md","step-01-init","gds","gds/workflows/1-preproduction/gds-brainstorm-game/steps/step-01-init.md","1ff70772967978d0b33223060a8e6f897648d03364ffccb7703064e6e0e163e7"
"md","step-01-init","gds","gds/workflows/1-preproduction/gds-create-game-brief/steps/step-01-init.md","a920df98ab213afab0e49da9ec403a3344a590f316e8c61f62e6ca24354cabd2"
"md","step-01-init","gds","gds/workflows/1-preproduction/research/gds-domain-research/domain-steps/step-01-init.md","50a57ffaeee886b1d568a4dff195e41dccaff3074d8ae1fa40d3783b76538a3c"
"md","step-01-init","gds","gds/workflows/1-preproduction/research/market-steps/step-01-init.md","c272fa3e7c7b62a769c5fc9d349c9cbb605e00f3f2c1f0726bf50bfe0365508c"
"md","step-01-init","gds","gds/workflows/1-preproduction/research/technical-steps/step-01-init.md","3d3aaf2c1c1d7635382eee728d989e6afdb6ddc5f9a3343a7787cc33b7d1d25b"
"md","step-01-init","gds","gds/workflows/2-design/gds-create-gdd/steps-c/step-01-init.md","c7347610201dd5c1c2b415febd4454f45387da58ed1392fd27d1f2ca0ba7c4d8"
"md","step-01-init","gds","gds/workflows/2-design/gds-create-narrative/steps/step-01-init.md","80fa152485fa00a72a9d98dcd923fcb5a85391d149b0a475e7a4361f5632b1c6"
"md","step-01-init","gds","gds/workflows/2-design/gds-create-prd/steps-c/step-01-init.md","7b2b06135ea2b10fedd5f8772f46a44aa6a899c8aec52d3610b0c8a443acb160"
"md","step-01-init","gds","gds/workflows/2-design/gds-create-ux-design/steps/step-01-init.md","f531a5ca115f36c9521d7a05ebb468037f6f7875088aa5c5698eae39f3d6bdf5"
"md","step-01-init","gds","gds/workflows/3-technical/gds-game-architecture/steps/step-01-init.md","4933385115381fca3f3099ab1d7b10be8664b213487a37b83d0610a494db78e3"
"md","step-01-validate-prerequisites","gds","gds/workflows/3-technical/gds-create-epics-and-stories/steps/step-01-validate-prerequisites.md","29d905e7f96d184a51ec87c5eba64f7dd491b970b9702761f2023eafb9a29ab4"
"md","step-01b-continue","gds","gds/workflows/1-preproduction/gds-create-game-brief/steps/step-01b-continue.md","8ceb5147a796bed749d759eac7b4fba7c1784fd119273aafa7ddf5702292f7ba"
"md","step-01b-continue","gds","gds/workflows/2-design/gds-create-gdd/steps-c/step-01b-continue.md","0a9d0cf2f94aca1123169c1b638369d048fce292b524a1a4ce32cbbb17c2656a"
"md","step-01b-continue","gds","gds/workflows/2-design/gds-create-narrative/steps/step-01b-continue.md","6dd451f21ec91ec1b2cce70729621c29b82b541671e45b3d4c0a6b28201f6435"
"md","step-01b-continue","gds","gds/workflows/2-design/gds-create-prd/steps-c/step-01b-continue.md","dcbc9127ff17faaa4f541591467f6928de0f7189ec1cf6534ea8120a60cec2b3"
"md","step-01b-continue","gds","gds/workflows/2-design/gds-create-ux-design/steps/step-01b-continue.md","2aac065c9932aa7b1c89ff6f435d8963e8127dfb63bf9f870dcc078621186e2f"
"md","step-01b-continue","gds","gds/workflows/3-technical/gds-game-architecture/steps/step-01b-continue.md","9da4da6cfaf16677f84211244831c53db2d97aaf5b32c63c3da7b859b9c42a6c"
"md","step-02-context","gds","gds/workflows/1-preproduction/gds-brainstorm-game/steps/step-02-context.md","b492108bab992b0a92926d10eac1a0891d6166f40be27858d30d7b63a1559d65"
"md","step-02-context","gds","gds/workflows/2-design/gds-create-gdd/steps-c/step-02-context.md","a4ec61474d4a1dca37c250378663101f44ec20bad8161911c2788253f52d0d1a"
"md","step-02-context","gds","gds/workflows/3-technical/gds-game-architecture/steps/step-02-context.md","d1efaa2520c5e60e89de3e44c35f8276cc8be67b7189265072a0fb5cfb745240"
"md","step-02-customer-behavior","gds","gds/workflows/1-preproduction/research/market-steps/step-02-customer-behavior.md","d0acc9ffd4d803fe1253ef226efe841b9be64b72cd15fe6043554aee4ae02233"
"md","step-02-design-epics","gds","gds/workflows/3-technical/gds-create-epics-and-stories/steps/step-02-design-epics.md","f30b46f088a8540e9da56a98946ac163fa28365395a564176de20ee2d3d44138"
"md","step-02-discovery","gds","gds/workflows/2-design/gds-create-prd/steps-c/step-02-discovery.md","a01dd36b136c664a50e18a4da597a323519cb5f2adfe5c96f62dc8c05345a968"
"md","step-02-discovery","gds","gds/workflows/2-design/gds-create-ux-design/steps/step-02-discovery.md","e642fae97e94a4e633b5d2fb307b0ac57d229656fc69a79910786997902aed3e"
"md","step-02-domain-analysis","gds","gds/workflows/1-preproduction/research/gds-domain-research/domain-steps/step-02-domain-analysis.md","6fe5a82ef0098b47a6a73d34b21c95e10619fdd2d1600582848b8456b749ca35"
"md","step-02-foundation","gds","gds/workflows/2-design/gds-create-narrative/steps/step-02-foundation.md","2a18e26816771ef3decf3a78b0c8d7a3607cc83fdea2f12786098d8b0f4468ea"
"md","step-02-gdd-analysis","gds","gds/workflows/3-technical/gds-check-implementation-readiness/steps/step-02-gdd-analysis.md","9e9141a287b508ddb3fc756d0e90bd97b3c73800a69a939122f4db8f68297b4f"
"md","step-02-generate","gds","gds/workflows/3-technical/gds-generate-project-context/steps/step-02-generate.md","b4399f61060ccf7509fc4fca8a83643738d58a17501fe321a7e6fb1d6dd0161a"
"md","step-02-plan","gds","gds/workflows/gds-quick-flow/gds-quick-dev/step-02-plan.md","200066b9fee83d8bf4fc3602d9f14d801bc94a4b707749976e478bf7eb330bba"
"md","step-02-review","gds","gds/workflows/4-production/gds-code-review/steps/step-02-review.md","dc07246edb40551cbdb0ba894bf582e402c2962cec15b6a4acd0fde11cc9d125"
"md","step-02-technical-overview","gds","gds/workflows/1-preproduction/research/technical-steps/step-02-technical-overview.md","18f72e6505845fb730b10ac218dcf4706b7515a71d365df338d52345598c8b71"
"md","step-02-vision","gds","gds/workflows/1-preproduction/gds-create-game-brief/steps/step-02-vision.md","b8154145d6fc433a7752e5314b0b06fc97e2a044b59e95a57839856cf19f37f9"
"md","step-02b-vision","gds","gds/workflows/2-design/gds-create-prd/steps-c/step-02b-vision.md","016b437dd95ff630bda0c1daf10da1345ff8f681d6f87a5cd093f244e4b3a5df"
"md","step-02c-executive-summary","gds","gds/workflows/2-design/gds-create-prd/steps-c/step-02c-executive-summary.md","5c02859008bd87cc18b6a24ecfdcc1b0f37a7b5f962d11d39a999ff5fc5b14f3"
"md","step-03-competitive-landscape","gds","gds/workflows/1-preproduction/research/gds-domain-research/domain-steps/step-03-competitive-landscape.md","a4e67a4cc2d7f0e88e07bbf431c7d94f51dbb505f4171a6eefcba6cfb208dcd2"
"md","step-03-complete","gds","gds/workflows/3-technical/gds-generate-project-context/steps/step-03-complete.md","bfd4bf883c03d034ea8459669cf94f4ccd266705c5f775d023c1ec121e106922"
"md","step-03-core-experience","gds","gds/workflows/2-design/gds-create-ux-design/steps/step-03-core-experience.md","672f6f03adaf6f9a1bf3bcc3f9ae3a4442e0e871cfce2b4eeb2ef8cd3a044e8a"
"md","step-03-create-stories","gds","gds/workflows/3-technical/gds-create-epics-and-stories/steps/step-03-create-stories.md","c5dc8ec2d39d5d2636041e446bbcfedfcae9b5d9a836a1c38eba984446cc6819"
"md","step-03-customer-pain-points","gds","gds/workflows/1-preproduction/research/market-steps/step-03-customer-pain-points.md","d1164ce4735f4c51aad6e7b4386a46d2ad4fc6b4f5261e0321f1600b3e9676b9"
"md","step-03-epic-coverage-validation","gds","gds/workflows/3-technical/gds-check-implementation-readiness/steps/step-03-epic-coverage-validation.md","382801a2562cd967e222fbe94385573c5bd910c778647b33efdd794c45cac0b2"
"md","step-03-ideation","gds","gds/workflows/1-preproduction/gds-brainstorm-game/steps/step-03-ideation.md","ea47b3ca902f1a95c8e88c80021cc7546180fbb4aed83ff2ec084591a058eb9d"
"md","step-03-implement","gds","gds/workflows/gds-quick-flow/gds-quick-dev/step-03-implement.md","88d95ac3c7fea6ba9a77ed4407722b1a23bc24ae1f4475ce30d1bf5660919c81"
"md","step-03-integration-patterns","gds","gds/workflows/1-preproduction/research/technical-steps/step-03-integration-patterns.md","bf8ad84331a789d30e336d00b1e1393a6a8b1a629385188702d0b604e6de2593"
"md","step-03-market","gds","gds/workflows/1-preproduction/gds-create-game-brief/steps/step-03-market.md","8d043cc2dedcb3bb3e985526f5f36d56138d0884d2143e9a29454800209e877a"
"md","step-03-platforms","gds","gds/workflows/2-design/gds-create-gdd/steps-c/step-03-platforms.md","1066fc9907a1d76105c4f1c2193eb06d950283a8dde61b6256c269abf7bfb3f3"
"md","step-03-starter","gds","gds/workflows/3-technical/gds-game-architecture/steps/step-03-starter.md","5301eaf40c947fa6fad969428383c1c0c8059bb9a05ba27c4b97a0b4eee2d36b"
"md","step-03-story","gds","gds/workflows/2-design/gds-create-narrative/steps/step-03-story.md","8690444cbcc77ad7553eb177157808d251246a4724f02c4ee80551f3de387285"
"md","step-03-success","gds","gds/workflows/2-design/gds-create-prd/steps-c/step-03-success.md","aa15ea548bc61037619e87e712ae26860005527352c7f1f9cc4fc66b6383a0c2"
"md","step-03-triage","gds","gds/workflows/4-production/gds-code-review/steps/step-03-triage.md","71b71f5de086cc4380937f8e348adc02f639f869236101ea00009c38dcb05578"
"md","step-04-architectural-patterns","gds","gds/workflows/1-preproduction/research/technical-steps/step-04-architectural-patterns.md","04c66d9c259b57dacdb28e637b5028b170ec481ddf756f373c1faf79e07381cc"
"md","step-04-characters","gds","gds/workflows/2-design/gds-create-narrative/steps/step-04-characters.md","c5078c1b54062ad265a1f2b5a1925e7e77f7a1179dd0cd1f1b87cf38e8085cc1"
"md","step-04-complete","gds","gds/workflows/1-preproduction/gds-brainstorm-game/steps/step-04-complete.md","65c9f8794a6e9d964e7624900ca507a8753044b64cb8f7c4067d399a30e725ac"
"md","step-04-customer-decisions","gds","gds/workflows/1-preproduction/research/market-steps/step-04-customer-decisions.md","f085e1468499cdd13a865be589eaacd8505303e0db409bbc67ab33410b80d6ea"
"md","step-04-decisions","gds","gds/workflows/3-technical/gds-game-architecture/steps/step-04-decisions.md","0236744da07d0750839f455e7ab97480ddf276999dcc500cc4ea433f9eae3f1d"
"md","step-04-emotional-response","gds","gds/workflows/2-design/gds-create-ux-design/steps/step-04-emotional-response.md","8ba1619a23548d54c2a73fdf3be55a289abc6464e776165a5536f4f98ee134e1"
"md","step-04-final-validation","gds","gds/workflows/3-technical/gds-create-epics-and-stories/steps/step-04-final-validation.md","7623bf9c81b0689edf0da2ba376e3248abb67aa8427c04e20b2528a76780603a"
"md","step-04-fundamentals","gds","gds/workflows/1-preproduction/gds-create-game-brief/steps/step-04-fundamentals.md","f66e11ed493f9b05887362efe6eb95b8aa914157dbf189a8b71208db53b43994"
"md","step-04-journeys","gds","gds/workflows/2-design/gds-create-prd/steps-c/step-04-journeys.md","6bbbd301aa1a2b2cdb4e0a0b31a87afeffd392943e28f827f4bf916aba308104"
"md","step-04-present","gds","gds/workflows/4-production/gds-code-review/steps/step-04-present.md","89de20e88a37f373d138f35231bf8894824f56c6e4bb3918cb24ad2d72aeb80b"
"md","step-04-regulatory-focus","gds","gds/workflows/1-preproduction/research/gds-domain-research/domain-steps/step-04-regulatory-focus.md","8a2b9622263b7ec614f487f72e2c879c478639f5bb9d7f6f201a5a3b0745fcb2"
"md","step-04-review","gds","gds/workflows/gds-quick-flow/gds-quick-dev/step-04-review.md","63afa2cbd8ee736c0c0813c5deba28d942b0a668570cf81d2a0b079c32edd7ba"
"md","step-04-ux-alignment","gds","gds/workflows/3-technical/gds-check-implementation-readiness/steps/step-04-ux-alignment.md","1db7f77eb51c51bf8fa57bec7756bf72e6044d824ad2fee0b1944000a2c9fee7"
"md","step-04-vision","gds","gds/workflows/2-design/gds-create-gdd/steps-c/step-04-vision.md","26993fdd05dd0e91b7305726c716b91ce1d9a1176fffd86aa867c0c9963d6ac3"
"md","step-05-competitive-analysis","gds","gds/workflows/1-preproduction/research/market-steps/step-05-competitive-analysis.md","1fb1ddf478d2e61fd51084d8cd272cec99f22c7be68aad4405fe8adc3261ffef"
"md","step-05-core-gameplay","gds","gds/workflows/2-design/gds-create-gdd/steps-c/step-05-core-gameplay.md","e9442f67972a9915ec5bfbd3cde47599e4afaf9f3e3ec9333316f300458aac41"
"md","step-05-crosscutting","gds","gds/workflows/3-technical/gds-game-architecture/steps/step-05-crosscutting.md","7a05593a0ccf48b0b0a9623ef9455bca63c8d0bec6e83d5c44f9dc4598aec80d"
"md","step-05-domain","gds","gds/workflows/2-design/gds-create-prd/steps-c/step-05-domain.md","7e221a7d5788a2913b70b5c97590d29f79c2aa9d5b1eef2b84606781ef79daae"
"md","step-05-epic-quality-review","gds","gds/workflows/3-technical/gds-check-implementation-readiness/steps/step-05-epic-quality-review.md","e8df458084637eb3b2e426835ab500af53deb642bcbe09f35c2b257d159ca9b3"
"md","step-05-implementation-research","gds","gds/workflows/1-preproduction/research/technical-steps/step-05-implementation-research.md","471ec015a842d425f5d3b86af556ab1e322762ca763e604e70cf2191e407f489"
"md","step-05-inspiration","gds","gds/workflows/2-design/gds-create-ux-design/steps/step-05-inspiration.md","56df236ca8fcd2f7659f67f708f4e5dd63133926771df47db8c2309605f20b08"
"md","step-05-present","gds","gds/workflows/gds-quick-flow/gds-quick-dev/step-05-present.md","fda340fc6f5d935fabeefa770bc5d66a4c44ef5e0928acb56b1f90a560a423ab"
"md","step-05-scope","gds","gds/workflows/1-preproduction/gds-create-game-brief/steps/step-05-scope.md","0a20fc4acb6752878394e47c181b8719a7052226c0f24571d315a6810273ff7d"
"md","step-05-technical-trends","gds","gds/workflows/1-preproduction/research/gds-domain-research/domain-steps/step-05-technical-trends.md","e7b184a75617338b9ae2834d1d3b16cbe33c49131bfd2486e731c20305005975"
"md","step-05-world","gds","gds/workflows/2-design/gds-create-narrative/steps/step-05-world.md","d8457ce14c7692d2218d2e6daab5c3e82ad50acf22d0a4655efcd57d19bd652e"
"md","step-06-design-system","gds","gds/workflows/2-design/gds-create-ux-design/steps/step-06-design-system.md","d46a5eb992c7b6e3c299c69f0861783da9871e8c98135868a40e1ce65c795bed"
"md","step-06-dialogue","gds","gds/workflows/2-design/gds-create-narrative/steps/step-06-dialogue.md","78c12fd2a8e3450c56b31cc8690b6e3ed9484aef0a51478c0e9b4befbf0f6511"
"md","step-06-final-assessment","gds","gds/workflows/3-technical/gds-check-implementation-readiness/steps/step-06-final-assessment.md","7bd152dc32f2740f63c0f2232ba5ef25688da0c75c4f081f4f90b4d28190600d"
"md","step-06-innovation","gds","gds/workflows/2-design/gds-create-prd/steps-c/step-06-innovation.md","f9c0d65d7346a213166040eb13ffe40db0f2fc1e115aa394e4d0c9ca6e3b7638"
"md","step-06-mechanics","gds","gds/workflows/2-design/gds-create-gdd/steps-c/step-06-mechanics.md","3f38fd1e71f3b9ba0b3dd752c452699b835bc87a5921a179042d5953a64264c8"
"md","step-06-references","gds","gds/workflows/1-preproduction/gds-create-game-brief/steps/step-06-references.md","1766591650b86361b913088968af5a303ab5966d873773079cb27f2745e40063"
"md","step-06-research-completion","gds","gds/workflows/1-preproduction/research/market-steps/step-06-research-completion.md","87cec5d054bdd13b6a61498b99ba958f5f4a58e30810629780d78932da549f23"
"md","step-06-research-synthesis","gds","gds/workflows/1-preproduction/research/gds-domain-research/domain-steps/step-06-research-synthesis.md","c2113b9578201d118767b900c836681742b5a8755fe45ca45db9ffdf88b659eb"
"md","step-06-research-synthesis","gds","gds/workflows/1-preproduction/research/technical-steps/step-06-research-synthesis.md","6a8d076da0d142acab6688aa5f0ae5f919200922cc4eb94818d9c1d66755c1ee"
"md","step-06-structure","gds","gds/workflows/3-technical/gds-game-architecture/steps/step-06-structure.md","c7832281301c17063332b5d47df63c42b2b52e22676b3b9cf78e85f94db78078"
"md","step-07-content","gds","gds/workflows/1-preproduction/gds-create-game-brief/steps/step-07-content.md","22603c5a05a3d30e01670466edd9a7a9231b47644782b86f3509ab0ef04805ac"
"md","step-07-defining-experience","gds","gds/workflows/2-design/gds-create-ux-design/steps/step-07-defining-experience.md","2d323096113d8f71371209190f612342f109f7a05ac32468d9daba7d882d1a69"
"md","step-07-environmental","gds","gds/workflows/2-design/gds-create-narrative/steps/step-07-environmental.md","573b4518b79a24b05d48f8b162c7b44adcd5be866681f2c64e3f6a02ed0ea7b8"
"md","step-07-game-type","gds","gds/workflows/2-design/gds-create-gdd/steps-c/step-07-game-type.md","018ca9aa55360d89c79a587b22ef32b95655b5b428ff392fbfdacf053f6b65ed"
"md","step-07-patterns","gds","gds/workflows/3-technical/gds-game-architecture/steps/step-07-patterns.md","4d967525580633257e473d9b7df442e2ccf6f09609dce0f422d0251e56dda0ff"
"md","step-07-project-type","gds","gds/workflows/2-design/gds-create-prd/steps-c/step-07-project-type.md","9429ad6d9290cf193a81ba20051251a8acaa68c1424add702d2ab8c30aca8474"
"md","step-08-complete","gds","gds/workflows/1-preproduction/gds-create-game-brief/steps/step-08-complete.md","c07811b5d968b8649c89bd9cf1ee735c4aceb606dd9149095f59ca87202c1ea5"
"md","step-08-delivery","gds","gds/workflows/2-design/gds-create-narrative/steps/step-08-delivery.md","3a5ac4ba10450c3e4ebde521771ad5b1f605470fc7d5d04d5b7bbdd46256b3d8"
"md","step-08-progression","gds","gds/workflows/2-design/gds-create-gdd/steps-c/step-08-progression.md","7db3426b58af8658902da43c0d587c1165d8295f8cfc0c5d85f9810b89e567a4"
"md","step-08-scoping","gds","gds/workflows/2-design/gds-create-prd/steps-c/step-08-scoping.md","3a689709d4f0819fd56387995c551c7f2099ca2b2e2dbe8f1491e381f5f9b7d9"
"md","step-08-validation","gds","gds/workflows/3-technical/gds-game-architecture/steps/step-08-validation.md","3cb3df33d566fa8faf07f5738c73022439a0e6b128eef787f62a061aaf0563bc"
"md","step-08-visual-foundation","gds","gds/workflows/2-design/gds-create-ux-design/steps/step-08-visual-foundation.md","68c15e007c4109a8236ae0db2417811590347e753882aff0545f5f040448d039"
"md","step-09-complete","gds","gds/workflows/3-technical/gds-game-architecture/steps/step-09-complete.md","ec6d6e37a8a85630b43e73089d41912fd65d0c13b996c628df2645a5bdfd832f"
"md","step-09-design-directions","gds","gds/workflows/2-design/gds-create-ux-design/steps/step-09-design-directions.md","6da82a5431d3016e0dabc99575267d0745630fdfe1109cf3a9bc0be550aad490"
"md","step-09-functional","gds","gds/workflows/2-design/gds-create-prd/steps-c/step-09-functional.md","b600f4b483bc2fbddf7bcf19597f840606aca8faaf33758c097323e2fc25b097"
"md","step-09-integration","gds","gds/workflows/2-design/gds-create-narrative/steps/step-09-integration.md","ef172e03f061e64da088d683952b091cd1246702efba03994cff5331b8b2070f"
"md","step-09-levels","gds","gds/workflows/2-design/gds-create-gdd/steps-c/step-09-levels.md","53f5bc1ffe041080ead481bc83e4a52cba1f2444c5c1562159d5d3436fb554e0"
"md","step-10-art-audio","gds","gds/workflows/2-design/gds-create-gdd/steps-c/step-10-art-audio.md","ed6ea4b22a66a074a739271e7a12e4d04251c37991c3c75d19211dfb46696a54"
"md","step-10-nonfunctional","gds","gds/workflows/2-design/gds-create-prd/steps-c/step-10-nonfunctional.md","e55b64595db786371eb88e85efa9c626c5220d309e5f88ba547f1241330b2909"
"md","step-10-production","gds","gds/workflows/2-design/gds-create-narrative/steps/step-10-production.md","f5ec87dfdf0ceaaf4531edd6d52b2b21cc0b1e96fcb191902224c39ef7ddc446"
"md","step-10-user-journeys","gds","gds/workflows/2-design/gds-create-ux-design/steps/step-10-user-journeys.md","5fa8030507659e89c02302f46e1003d3627688cb2bd8f7fe1dcbdbce07bc98e0"
"md","step-11-complete","gds","gds/workflows/2-design/gds-create-narrative/steps/step-11-complete.md","8fa895b49aad1231b974197c855135304fcd3bddb3130f8eb29d6aaddd52c948"
"md","step-11-component-strategy","gds","gds/workflows/2-design/gds-create-ux-design/steps/step-11-component-strategy.md","a170e524d2bed79b6cc032c320de545fcd62b106319655159f83c3e9bd2569de"
"md","step-11-polish","gds","gds/workflows/2-design/gds-create-prd/steps-c/step-11-polish.md","71089053fd521291db207660b9a872e0057d1853ef6f9fa102561e43f40a2b5f"
"md","step-11-technical","gds","gds/workflows/2-design/gds-create-gdd/steps-c/step-11-technical.md","fbc14b7f1410cf02f830e7dba3656b1822f398733e1a89944447fff2f48ba19a"
"md","step-12-complete","gds","gds/workflows/2-design/gds-create-prd/steps-c/step-12-complete.md","5761650ac5f3d11169bb82d313dcff3bfa8544178c3eabfa42c33f2b8672282c"
"md","step-12-epics","gds","gds/workflows/2-design/gds-create-gdd/steps-c/step-12-epics.md","2aaabda8e2483371d0c87e867c4fbd98104a10d18be8f74e71f36a8c9770831c"
"md","step-12-ux-patterns","gds","gds/workflows/2-design/gds-create-ux-design/steps/step-12-ux-patterns.md","1c2b1a1a2b244652e5a600eeed91896ebcb64055057c7871ea1f19d9d6440d5c"
"md","step-13-metrics","gds","gds/workflows/2-design/gds-create-gdd/steps-c/step-13-metrics.md","1704c683b741a4a87aa60c5fe2c7fe420365edc92d94903dc2d02a9ad4a96785"
"md","step-13-responsive-accessibility","gds","gds/workflows/2-design/gds-create-ux-design/steps/step-13-responsive-accessibility.md","3db309f70ba44e4c8ad008fc5ea16ea1442cf668151a5a58292ea2ee0ad93bbc"
"md","step-14-complete","gds","gds/workflows/2-design/gds-create-gdd/steps-c/step-14-complete.md","cae9fa604e59eb200eb29685c0405fd4a8741e461d78d62d3161244fe92ca9ba"
"md","step-14-complete","gds","gds/workflows/2-design/gds-create-ux-design/steps/step-14-complete.md","2983b9132fa7003e422dfeebb3a1769b673d78af7a3744f6e4b4dc113a105607"
"md","step-e-01-discovery","gds","gds/workflows/2-design/gds-edit-gdd/steps-e/step-e-01-discovery.md","d8f8bf503cfca51d65430ae1cf06306ac726eab300b4ce15a9b0fb92aa5b1806"
"md","step-e-01-discovery","gds","gds/workflows/2-design/gds-edit-prd/steps-e/step-e-01-discovery.md","640af25a6ff0d2249767cc0a8282ce6127b8ffca0bcd3f0759a214248f06556d"
"md","step-e-01b-legacy-conversion","gds","gds/workflows/2-design/gds-edit-gdd/steps-e/step-e-01b-legacy-conversion.md","aaacbbaaee9130e03d83a294479e80c6a74234c1f1bf0fc70d2c1bb3c013dccb"
"md","step-e-01b-legacy-conversion","gds","gds/workflows/2-design/gds-edit-prd/steps-e/step-e-01b-legacy-conversion.md","01d4678fd985ee4751191b5a5231484ca601642eca7b0dc442074d3175299b71"
"md","step-e-02-review","gds","gds/workflows/2-design/gds-edit-gdd/steps-e/step-e-02-review.md","d99a7e4e66f1988704eeaec44b8bded0d02c2f522b281f2fb3dcc13dd5643b3c"
"md","step-e-02-review","gds","gds/workflows/2-design/gds-edit-prd/steps-e/step-e-02-review.md","73ca47a1af8615c9b9429bf3710d4b42dfe4a8f67436196ef0e566ba4f85874b"
"md","step-e-03-edit","gds","gds/workflows/2-design/gds-edit-gdd/steps-e/step-e-03-edit.md","369f953d7b084a0bd493e17a0dc764cbc776cb4656074f0740ec5fbf4f433ac4"
"md","step-e-03-edit","gds","gds/workflows/2-design/gds-edit-prd/steps-e/step-e-03-edit.md","73b69c3fa66314b9408c188edda4892e4bc02a0e88446dd0cf6e62f1b5f1f904"
"md","step-e-04-complete","gds","gds/workflows/2-design/gds-edit-gdd/steps-e/step-e-04-complete.md","3852b02d55f5868c22eaa922ed1e921bd2ae8a1700c9b42e10949216804a8057"
"md","step-e-04-complete","gds","gds/workflows/2-design/gds-edit-prd/steps-e/step-e-04-complete.md","62e294deb4ba0688563b4d3f8725047f55ac9badd33f55415818113f677f1594"
"md","step-oneshot","gds","gds/workflows/gds-quick-flow/gds-quick-dev/step-oneshot.md","146f2bb596ba52fb0ce4ce9ce3426813b41955dfff465b974b006eb0400ddc95"
"md","step-v-01-discovery","gds","gds/workflows/2-design/gds-validate-gdd/steps-v/step-v-01-discovery.md","95a74b69611b810fc54f9250316dbc7fda6e4d9e723f39f959dac934774000ac"
"md","step-v-01-discovery","gds","gds/workflows/2-design/gds-validate-prd/steps-v/step-v-01-discovery.md","6c52563105ca80e3d84496e1c2e9af09fb7fcf6d3d41f5e1de759db16ccd31a2"
"md","step-v-02-format-detection","gds","gds/workflows/2-design/gds-validate-gdd/steps-v/step-v-02-format-detection.md","432b7d4f3259bf235013f1b44f81e17a8ee53afa5a12e744d5d7f419d763b6de"
"md","step-v-02-format-detection","gds","gds/workflows/2-design/gds-validate-prd/steps-v/step-v-02-format-detection.md","a1ad3032654c759c0111801a533bf68a8b841b5b2efd32947217c4286e1029f7"
"md","step-v-02b-parity-check","gds","gds/workflows/2-design/gds-validate-gdd/steps-v/step-v-02b-parity-check.md","02a6706ae9d558ef99a79a5e19a138765a1d267ef4bcf979fdf00a53a5a10e95"
"md","step-v-02b-parity-check","gds","gds/workflows/2-design/gds-validate-prd/steps-v/step-v-02b-parity-check.md","9285dab13b9b10901ac3e89c19fba59af5b97c360c387ff526144bec824ee693"
"md","step-v-03-density-validation","gds","gds/workflows/2-design/gds-validate-gdd/steps-v/step-v-03-density-validation.md","af47f203cfaf39dddb906428b2c890ace650cb7ad7d2b10806a30c99503d1ecd"
"md","step-v-03-density-validation","gds","gds/workflows/2-design/gds-validate-prd/steps-v/step-v-03-density-validation.md","2671fa76bb53ec523944d1dc706d804ca353e9422f29609a9b423d2b2a7a114c"
"md","step-v-04-brief-coverage-validation","gds","gds/workflows/2-design/gds-validate-gdd/steps-v/step-v-04-brief-coverage-validation.md","e0a734399001d41b23a907a1fe995df4a15c131cab5b0eb12c6e623bbb36dba5"
"md","step-v-04-brief-coverage-validation","gds","gds/workflows/2-design/gds-validate-prd/steps-v/step-v-04-brief-coverage-validation.md","d0fd2b63610a7ae7c6a8f1aca716d8d208f908599583e389a03fab643d4803c9"
"md","step-v-05-measurability-validation","gds","gds/workflows/2-design/gds-validate-gdd/steps-v/step-v-05-measurability-validation.md","5dcb799562312133d66543279e5bcc3634b83679b2d914f80052ac690fce3ffb"
"md","step-v-05-measurability-validation","gds","gds/workflows/2-design/gds-validate-prd/steps-v/step-v-05-measurability-validation.md","2d32a4cc033a9a977543e268db617eca82488eae13ef754dd4bcac7105e8533a"
"md","step-v-06-traceability-validation","gds","gds/workflows/2-design/gds-validate-gdd/steps-v/step-v-06-traceability-validation.md","83f1611d5844da8c5440f9d826a86ccd50184212091343b95956445500deac5e"
"md","step-v-06-traceability-validation","gds","gds/workflows/2-design/gds-validate-prd/steps-v/step-v-06-traceability-validation.md","cec17c3a8dba4d9f170ea3150254d95f17658f4ae8c7d6ee68cd63ebcafbfaba"
"md","step-v-07-implementation-leakage-validation","gds","gds/workflows/2-design/gds-validate-gdd/steps-v/step-v-07-implementation-leakage-validation.md","f16c610c8a83720fd9d28366385cec98610286a85dc0ea736ddc7c6c961b4a03"
"md","step-v-07-implementation-leakage-validation","gds","gds/workflows/2-design/gds-validate-prd/steps-v/step-v-07-implementation-leakage-validation.md","54ececda83a674e1e609168b56b8083cb596a256cae220197b0e46c287c61248"
"md","step-v-08-domain-compliance-validation","gds","gds/workflows/2-design/gds-validate-prd/steps-v/step-v-08-domain-compliance-validation.md","7f21ad977150d9280b2a7ede37b76305bd42d48ee00176d146b522deeb02494e"
"md","step-v-08-genre-compliance-validation","gds","gds/workflows/2-design/gds-validate-gdd/steps-v/step-v-08-genre-compliance-validation.md","4eac7fb80a91681d019f5cd72ea39c3da6123775c3a6f42433ebe1d782ac485c"
"md","step-v-09-game-type-validation","gds","gds/workflows/2-design/gds-validate-gdd/steps-v/step-v-09-game-type-validation.md","54b43d6ba6ff842c88e6f2ed4cec3e61e8841f27c0fac0046d23ca896b7261d2"
"md","step-v-09-project-type-validation","gds","gds/workflows/2-design/gds-validate-prd/steps-v/step-v-09-project-type-validation.md","a8769227f61fc2512bcfb89122a561943dcbb51c5c8d703e8112b1ff5dc7da08"
"md","step-v-10-smart-validation","gds","gds/workflows/2-design/gds-validate-gdd/steps-v/step-v-10-smart-validation.md","6cffa80454faf18fa59368636605123c50268fd94b01fc7b11807e4ae452436d"
"md","step-v-10-smart-validation","gds","gds/workflows/2-design/gds-validate-prd/steps-v/step-v-10-smart-validation.md","3f517e15b8eee35904e0288a800c00c6c306287b31ac41d2c5fb1c4f24d2cd92"
"md","step-v-11-holistic-quality-validation","gds","gds/workflows/2-design/gds-validate-gdd/steps-v/step-v-11-holistic-quality-validation.md","7c9f14e6313b216a877faa30e5fbb576a89e24d10447d29a1a601a61fa3c1537"
"md","step-v-11-holistic-quality-validation","gds","gds/workflows/2-design/gds-validate-prd/steps-v/step-v-11-holistic-quality-validation.md","7e9bdfbb581a1c0382302f1eaf4a039f8c7aff10ecadb41cb2dc8307e29ec032"
"md","step-v-12-completeness-validation","gds","gds/workflows/2-design/gds-validate-gdd/steps-v/step-v-12-completeness-validation.md","1aaf26b35b50bbb870bb8879431edef37b785a8fdff9b216b45e62115c09c776"
"md","step-v-12-completeness-validation","gds","gds/workflows/2-design/gds-validate-prd/steps-v/step-v-12-completeness-validation.md","612ae0afb762034b8b479c70458d4848bffc72ccad3a7a2a87a563fd059cf7aa"
"md","step-v-13-report-complete","gds","gds/workflows/2-design/gds-validate-gdd/steps-v/step-v-13-report-complete.md","dbeb68fdde9dffac0abe19abad69402ea32212cea3560710bd9d43fade7225a2"
"md","step-v-13-report-complete","gds","gds/workflows/2-design/gds-validate-prd/steps-v/step-v-13-report-complete.md","0a87ef67fc5b72f20d2112adb0f701cf084fb26777cae23e8612d8e1f6921f1a"
"md","strategy","gds","gds/workflows/2-design/gds-create-gdd/game-types/strategy.md","3b453b6e3a70d65ec2428bf53195edcb5c3f194341110f4034d55c9707fac65d"
"md","survival","gds","gds/workflows/2-design/gds-create-gdd/game-types/survival.md","524f50b6929bab7b10dbcc2437002cb79139188594e6d17ceb7abecd76e8b295"
"md","sync-sprint-status","gds","gds/workflows/gds-quick-flow/gds-quick-dev/sync-sprint-status.md","f1ce35a6415f7795e4b7c88acacb003732077bbcba9b4f4c86c54a7c77a99a60"
"md","template","gds","gds/workflows/4-production/gds-create-story/template.md","a7ac18d4dd1f8e2dd9f54edc82c760c04313ad30945dd3ef676da6af3cdfe7a9"
"md","test-design-template","gds","gds/workflows/gametest/gds-test-design/test-design-template.md","4823b53e252dd373c1ccc1fd6606db3f0bef39f258ccae7f3a24d39dbdddb33a"
"md","test-priorities","gds","gds/agents/gds-agent-game-dev/gametest/knowledge/test-priorities.md","ab91b9b455586553ea5bf9f991db3a88613bf6e57ca230cc9a4f713364f9799b"
"md","test-review-template","gds","gds/workflows/gametest/gds-test-review/test-review-template.md","99166ae52604775b0f51f5a7b569fcf658803bdb57a210807bee7c10173816c5"
"md","text-based","gds","gds/workflows/2-design/gds-create-gdd/game-types/text-based.md","96c1d8cd99377cbebb873c5d660534f7fbfb848f503511eb24a25fe1e25ab4bf"
"md","tower-defense","gds","gds/workflows/2-design/gds-create-gdd/game-types/tower-defense.md","c53a3bcb028d93bede1926d4c4b32a84321fe0ab5238974fe855e86631030b70"
"md","turn-based-tactics","gds","gds/workflows/2-design/gds-create-gdd/game-types/turn-based-tactics.md","5438cbf5fc800facfe724651821ba851231ccb1e26cd83ab658ead9a012c695d"
"md","unity-engine","gds","gds/workflows/3-technical/gds-game-architecture/knowledge/unity-engine.md","691e75872ce221c8ae92814065d35720ae260adcd71e5bb107686ad086bdde99"
"md","unity-testing","gds","gds/agents/gds-agent-game-dev/gametest/knowledge/unity-testing.md","7e196ea43cf8b35b4b290269ec24bf49f1fdf57c81987e7a9f0aeb2a48d94b11"
"md","unreal-engine","gds","gds/workflows/3-technical/gds-game-architecture/knowledge/unreal-engine.md","04027d82f7add176d072d34e23f2d498a256c2a0a2ca4f8927b195edfac07205"
"md","unreal-testing","gds","gds/agents/gds-agent-game-dev/gametest/knowledge/unreal-testing.md","d3d656434f9fddee65e8b0a4826067176663be2373fdcb240f5c37dcd8e11c05"
"md","update-standards","gds","gds/agents/gds-agent-tech-writer/update-standards.md","6a8347dca807b77463d9d5789710d2915624d90ffe1871a046fd0260b93342e5"
"md","ux-design-template","gds","gds/workflows/2-design/gds-create-ux-design/ux-design-template.md","e3243405e033ac20fc1f39f2ec39f60629a00599b7638b5b17be8ce1cb65974c"
"md","validate-doc","gds","gds/agents/gds-agent-tech-writer/validate-doc.md","2760f64d721e07df5ae733f7775da23a1e9f6042747d498a077b80ada96ab8e4"
"md","visual-novel","gds","gds/workflows/2-design/gds-create-gdd/game-types/visual-novel.md","c069fdf5a0bc18a129cf4ce1362e1b67b627943a0e40bdf46730e92202ea797a"
"md","workflow-market-research","gds","gds/workflows/1-preproduction/research/workflow-market-research.md","9afe7ef4a72b78d8e599e0925a8deeb2f322997b0da227330b2d7830e0281a94"
"md","workflow-technical-research","gds","gds/workflows/1-preproduction/research/workflow-technical-research.md","22292fc0a6d7a9402b65c4e2493e5a7585bdb8aec84ac86fabfd5f949198ad77"
"md","write-document","gds","gds/agents/gds-agent-tech-writer/write-document.md","4a35fd0466f842f55331707eb2b9656c09623e7c84a4f64f2a13771aa18b88f1"
"toml","customize","gds","gds/agents/gds-agent-game-architect/customize.toml","a92310a5661bef99023f6a4ca0bc82853b8e0aa1805b1155ad8528f36ba0bf3b"
"toml","customize","gds","gds/agents/gds-agent-game-designer/customize.toml","07b1850084c1238e7c679658daaf44d284a18084140e2d0615ea488519d21bda"
"toml","customize","gds","gds/agents/gds-agent-game-dev/customize.toml","ca7459e2b620297e4508152be796c0f4148ec7a783ba2dcbe0c31ae0a966ec95"
"toml","customize","gds","gds/agents/gds-agent-game-solo-dev/customize.toml","ef2d698096d6718d93eb35b6e6b932f52a7118421553780d5e7cc84173f3263c"
"toml","customize","gds","gds/agents/gds-agent-tech-writer/customize.toml","63c557bbdada1ad6e959e2b1121b6ad02ce3efb9350e24511579e2fb532b0f11"
"toml","customize","gds","gds/workflows/1-preproduction/gds-brainstorm-game/customize.toml","45d8a127298f6903dee4c114e7349730cb90072ff02ed7d85f6cbd02e94a7153"
"toml","customize","gds","gds/workflows/1-preproduction/gds-create-game-brief/customize.toml","509e669eeee686177df38cd621f9bc42902b1c4b4f9f9d6b05dccc82aadd1511"
"toml","customize","gds","gds/workflows/1-preproduction/research/gds-domain-research/customize.toml","046e7c507b93153f85be5ce2850771c55b365dd4e9eef9c09cd4306defe7dd1e"
"toml","customize","gds","gds/workflows/2-design/gds-create-gdd/customize.toml","9829e55acc8d962ad7ecc4437b3cdea20932337db60a6a79153fd783ad3fdecf"
"toml","customize","gds","gds/workflows/2-design/gds-create-narrative/customize.toml","cc27d88d4fbf5177a6eaebdde3a0622d2d400004be687ecf8ba7d9536e4304ad"
"toml","customize","gds","gds/workflows/2-design/gds-create-prd/customize.toml","3933fdd24952a2f89fd7baee24c064a0746287308ef53515d7883ec6c225ec5f"
"toml","customize","gds","gds/workflows/2-design/gds-create-ux-design/customize.toml","2e36d584f890ab8c80b3f5c9e1ad8440fdb9e31d64b0462af4e3fe9a9fd54adc"
"toml","customize","gds","gds/workflows/2-design/gds-edit-gdd/customize.toml","9fd08500098464dbf1e357b2d9d460e97834cd0acc4e888c193abe1c085bcbf3"
"toml","customize","gds","gds/workflows/2-design/gds-edit-prd/customize.toml","bf7b2be611f5399060384fad56d7396ac3d458d6882a6f254e9c0fdb9d054f7d"
"toml","customize","gds","gds/workflows/2-design/gds-validate-gdd/customize.toml","a14d75f5756a4d58d49aba73110821b77a539f6dbc51bc20fb81b8452cbfd29d"
"toml","customize","gds","gds/workflows/2-design/gds-validate-prd/customize.toml","b459ccef91178634e439d869d2b50047672ed8a4df10d55209c9946d5e4f6e84"
"toml","customize","gds","gds/workflows/3-technical/gds-check-implementation-readiness/customize.toml","bf839f517d89d39685bbdfaf457040622927d255ac7410f2cf5dcef16136e2aa"
"toml","customize","gds","gds/workflows/3-technical/gds-create-epics-and-stories/customize.toml","c168383564306d9ecbf69bc124aa9dcc194136d5b0a1599ee1a9d9a6084939ac"
"toml","customize","gds","gds/workflows/3-technical/gds-game-architecture/customize.toml","c11529445fb52ea7f7d9143e6f505c186895497cb21eb61dde8b2ea51aed32f2"
"toml","customize","gds","gds/workflows/3-technical/gds-generate-project-context/customize.toml","d50aeef92f35623148a646f0bff6bfc44bc70b3c0587c13c9fca77426ba70cf0"
"toml","customize","gds","gds/workflows/4-production/gds-code-review/customize.toml","840e07a1a9642587035655b3440f53326b6f734dc8df7188216d20a8925fbfc4"
"toml","customize","gds","gds/workflows/4-production/gds-correct-course/customize.toml","711f10e5db321ae52181bc7bcc57fbf4e56ef1cdaed03dc72cce64c801480e0c"
"toml","customize","gds","gds/workflows/4-production/gds-create-story/customize.toml","4c42a106e377e59e4d79954fabfab3e7962cbcda3f4b94fbbdb62d031f99b1b7"
"toml","customize","gds","gds/workflows/4-production/gds-dev-story/customize.toml","aed7057a686cc721b73e0aba274cf99af9b511b0d8a7bcd242e77995ee318e96"
"toml","customize","gds","gds/workflows/4-production/gds-retrospective/customize.toml","dd56cc6f9f7708bcd1bfea9078d2d7d8b4770ee8fb103a9f2a9d790f18b636e3"
"toml","customize","gds","gds/workflows/4-production/gds-sprint-planning/customize.toml","5025ad45bd97c2990d67be96f4a2cc71e727f6ea5dae54c675debf45f84e0799"
"toml","customize","gds","gds/workflows/4-production/gds-sprint-status/customize.toml","288effc282ce45e15865b93747bbadd8f784c5b49741e69db614195ea21d403e"
"toml","customize","gds","gds/workflows/gametest/gds-e2e-scaffold/customize.toml","284ed4e95cf33f15faa6f7fe379360a76fd925d3584630f98fd3c3dffb390c04"
"toml","customize","gds","gds/workflows/gametest/gds-performance-test/customize.toml","63b7d34397cfcfac4791a11b67fcfd8b35e6e94657c7ef7a8383dc9ed3c4c6cd"
"toml","customize","gds","gds/workflows/gametest/gds-playtest-plan/customize.toml","67de23268ea314cc55fffc5863f1dc1fa9539c1e871d6994b0979d7493ed5874"
"toml","customize","gds","gds/workflows/gametest/gds-test-automate/customize.toml","ef41e4f184e0ec36e2acbdc6681e108129e3f3c224293becd05bf40302ccf320"
"toml","customize","gds","gds/workflows/gametest/gds-test-design/customize.toml","0d9e5acf9605f97df71eaf4ed9ba326bacde065d1c9bd87229766445af001eb4"
"toml","customize","gds","gds/workflows/gametest/gds-test-framework/customize.toml","955de8132657fc13c0f5bf05cce78b88ff9e5e2cda157143435d9503a01e1741"
"toml","customize","gds","gds/workflows/gametest/gds-test-review/customize.toml","d5708d107531b5eb0a380e6c5c2a8a9b9cc0242745ecfd612a1d5396c16cb3f6"
"toml","customize","gds","gds/workflows/gds-document-project/customize.toml","40b30429e7b881525452b07e2fc8584539a1596a427357bbedb7ff947ecc76ee"
"toml","customize","gds","gds/workflows/gds-quick-flow/gds-quick-dev/customize.toml","68a721210104bc67159d0157dc9c0eec551b20b10984c846e68315df214a2717"
"yaml","architecture-patterns","gds","gds/workflows/3-technical/gds-game-architecture/architecture-patterns.yaml","ed3f948cb7ddd4b928bf6aa26d84695ade787f1979396f6230ea2c4cd9408ad3"
"yaml","config","gds","gds/config.yaml","c6fddd78feb024d7ea62b66af075b80399b639fbfb24138f519e0dda0a6f1f34"
"yaml","decision-catalog","gds","gds/workflows/3-technical/gds-game-architecture/decision-catalog.yaml","ea7d7c5b13c8ce04e2e8dde7ef4273169627d66fcc3c74463e930e15cee7d6ae"
"yaml","engine-mcps","gds","gds/workflows/3-technical/gds-game-architecture/engine-mcps.yaml","432213f4a4ce2b9b9946fda108bd145abdc95f1ae2e7a8a8f03103f934015557"
"yaml","sprint-status-template","gds","gds/workflows/4-production/gds-sprint-planning/sprint-status-template.yaml","7bad0cc622ecbd33346d76f625333ff7c4d8aa21d48ce27075050f79a1a58065"
"csv","module-help","sam","sam/bmad-agent-dream-weaver/assets/module-help.csv","4984264033e33c4b4af310b51ada8cd812e602f71d73f6e1d1812784f8c29e0f"
"csv","module-help","sam","sam/sample-module-setup/assets/module-help.csv","0ebed501fc7174405749dbc40c29c82b96f23aed6ebb998c5e22ef7b273a3252"
"csv","module-help","sam","sam/module-help.csv","0ebed501fc7174405749dbc40c29c82b96f23aed6ebb998c5e22ef7b273a3252"
"md","BOND-template","sam","sam/bmad-agent-code-coach/assets/BOND-template.md","f1aa6e4827aa391193cda4795eaefb5830c3a7488c8671023b766d8ff26cc860"
"md","BOND-template","sam","sam/bmad-agent-creative-muse/assets/BOND-template.md","945777d9f81b86e820abd4bce12de29e645bb84794b9c6675393804ff40b57be"
"md","BOND-template","sam","sam/bmad-agent-sentinel/assets/BOND-template.md","c323c02b250502ce55dbb88dbb3848787d11dba3f5b88c6fb13405566348ba13"
"md","brainstorm","sam","sam/bmad-agent-creative-muse/references/brainstorm.md","bfb8ca057ea472b5dce2a43537643d4203fcda03f3593bcaa9b35669db9688a6"
"md","brainstorm-techniques","sam","sam/bmad-agent-creative-muse/references/brainstorm-techniques.md","a544f774531871577ba0e6202e5075d5cd80e3b17c1de779a736e35d533a80fa"
"md","CAPABILITIES-template","sam","sam/bmad-agent-code-coach/assets/CAPABILITIES-template.md","b3605a87e180cd03b67e5a3e19d58ba346c8c92f792686fa4a1221f86b4a0d80"
"md","CAPABILITIES-template","sam","sam/bmad-agent-sentinel/assets/CAPABILITIES-template.md","5148d86ead12e688c605f705d999aaba9b7765f43da133ca46ea4dd307735050"
"md","capability-authoring","sam","sam/bmad-agent-code-coach/references/capability-authoring.md","c423ec15382cef768db343dd31ad43cc115d7e039b4a99d8fe81b2635693339e"
"md","capability-authoring","sam","sam/bmad-agent-creative-muse/references/capability-authoring.md","36dfa23aa9608e5887c9ce47d5efc71d6edc489dd369c1481fa4639879f9bbc9"
"md","capability-authoring","sam","sam/bmad-agent-sentinel/references/capability-authoring.md","72243f1cab5cd383afd5d0132bf087376ec534eca8b8c7b33886d75d10ada2d5"
"md","code-review","sam","sam/bmad-agent-code-coach/references/code-review.md","d161094b15dcb3e93ff0997b4a25331505a58925dd95e7e6419b7edfdf2400aa"
"md","creative-challenge","sam","sam/bmad-agent-creative-muse/references/creative-challenge.md","337e237093338bc6ad8f5ff21a16a919d0b14e0607fabf27f8bf9efb5267cdde"
"md","CREED-template","sam","sam/bmad-agent-code-coach/assets/CREED-template.md","048748e002ad452e026bb9c8f691827023d6e09fddabd45b4f70cc506d6daa1d"
"md","CREED-template","sam","sam/bmad-agent-creative-muse/assets/CREED-template.md","f2811f9a0aec310b537339acf6240f0df9c311a88cf2164c6d172b3e3da40228"
"md","CREED-template","sam","sam/bmad-agent-sentinel/assets/CREED-template.md","c763b5148a12d300c1eedc6f2bfca17f3db9e18adccb6883bd824c5db24cf078"
"md","decision-stress-test","sam","sam/bmad-agent-sentinel/references/decision-stress-test.md","1f491e814d29c8759d879b0fc2cfc054692529165ba51c2e470eec649513234e"
"md","diagram-generation","sam","sam/bmad-excalidraw/references/diagram-generation.md","f5abeea5da734ed0b17cb5cfc54b9b2f209b8f3b6172798ce2552bb78b0e4bf9"
"md","diagram-review","sam","sam/bmad-agent-diagram-reviewer/references/diagram-review.md","a969a43c19d3a7fd39e0ca17a4e5b82a09de5aa6c2325d407b9f458f463e1419"
"md","diagram-types","sam","sam/bmad-excalidraw/references/diagram-types.md","dea8b5cce7c43a97cb0bd5ec0c69abd13b429458e7150dab51b23541f8ac3091"
"md","dream-interpret","sam","sam/bmad-agent-dream-weaver/references/dream-interpret.md","e3593ef9f906174cdf0679a5e0e3dd7bff81f515f6d591ccfe48c6aa763c52c0"
"md","dream-log","sam","sam/bmad-agent-dream-weaver/references/dream-log.md","7bd75398718566d3010cd41285375ffbaee5f09b0f429360fc747f9ad1fd062b"
"md","dream-query","sam","sam/bmad-agent-dream-weaver/references/dream-query.md","0e3006b3c495ffd6915efefcab4008a278029cf43c513ef7565c0edb5ccb71a1"
"md","dream-seed","sam","sam/bmad-agent-dream-weaver/references/dream-seed.md","726ba4489c4da8e775642d4f86e18438d427b75bab8cf55adc1522d5b7480340"
"md","excalidraw-schema","sam","sam/bmad-excalidraw/references/excalidraw-schema.md","6714a91471615b561fdb286852eed8e21e97994256a6d0e934aaebeee0f6bfeb"
"md","execution-accountability","sam","sam/bmad-agent-sentinel/references/execution-accountability.md","81d27c98415ce33ed158d85670d935671f78699cf7abedcaca3c1445c1efb571"
"md","first-breath","sam","sam/bmad-agent-code-coach/references/first-breath.md","70fa0d53915f27bef57f12e02b4d62388075e28266150a54efc31d3cadf40b4b"
"md","first-breath","sam","sam/bmad-agent-creative-muse/references/first-breath.md","530f1b92e55c647c65f9bb94a3d5937b33f4ea71194c26293b9c361ea12d4eb3"
"md","first-breath","sam","sam/bmad-agent-sentinel/references/first-breath.md","b13a46dcace43ed65dcf28b1889509ae324ff39bb61c4a620c6c4766b4a563ec"
"md","guided-design","sam","sam/bmad-excalidraw/references/guided-design.md","d22aab8cd07f104f27d3279a5498c9488fe6fb7342269e748a4be1e55308af56"
"md","headless-wake","sam","sam/bmad-agent-dream-weaver/references/headless-wake.md","71d6963de96f1e661b29ef238272c8962061a50799bda665dde58a331f102564"
"md","INDEX-template","sam","sam/bmad-agent-code-coach/assets/INDEX-template.md","8b194bbd78742168e02a3d19c7abf9bb82a1afa03c54e89c2620224cd0e482fa"
"md","INDEX-template","sam","sam/bmad-agent-creative-muse/assets/INDEX-template.md","3ca8fb08b60c847079a8b5cf7e1f9de16c1ee0e66ed1a7d90d6d7a70805a0061"
"md","INDEX-template","sam","sam/bmad-agent-sentinel/assets/INDEX-template.md","64517caa1240e973b2695139b8e8f4cc9509307efac5d8f74d34a94525b3b9b8"
"md","init","sam","sam/bmad-agent-dream-weaver/references/init.md","d1d8c6912629413dda4e21853842764aadc58e23b82ddffb63aaab873693a627"
"md","learning-path","sam","sam/bmad-agent-code-coach/references/learning-path.md","de45a99a039a83a36477201d9c0d7229777d45e5b25593a0064a8e42e8b4d80e"
"md","lucid-coach","sam","sam/bmad-agent-dream-weaver/references/lucid-coach.md","4ffbb922303a5c390c6df14849e3b295e378397cf78794931c7eebbf83374471"
"md","memory-guidance","sam","sam/bmad-agent-code-coach/references/memory-guidance.md","831bc8ecdfad1488db19ea78bb90eec29e8f43b264e36cc6380e047419242df5"
"md","memory-guidance","sam","sam/bmad-agent-creative-muse/references/memory-guidance.md","b92ff7b530a640b58a7ce2f2014a40e6edf7beae7cf4733e4065c6d10a5fcecc"
"md","memory-guidance","sam","sam/bmad-agent-sentinel/references/memory-guidance.md","95933eb88f6d05208a0cc33cf4fae062c88d5e470a11655e0c2886fe5378a2db"
"md","memory-system","sam","sam/bmad-agent-dream-weaver/references/memory-system.md","544388a0af42804e926f5c38aa5b10aba1f075eadba75b7112505805ac8bed93"
"md","MEMORY-template","sam","sam/bmad-agent-code-coach/assets/MEMORY-template.md","15496271e34d5f2b3e360a609d1fc8cbec159ccf440bf9fd541eb75837fb6cf1"
"md","MEMORY-template","sam","sam/bmad-agent-creative-muse/assets/MEMORY-template.md","10bc869959cfd26c93f323d789571026da5aadfae9f7e92653905f80f32299a5"
"md","MEMORY-template","sam","sam/bmad-agent-sentinel/assets/MEMORY-template.md","3d57ffe5f272b2fefe5a3c342052bdd2081254187b90c6800f438d0ef9f5f314"
"md","module-setup","sam","sam/bmad-agent-dream-weaver/assets/module-setup.md","093a8366dd4dfa765afd78df8b2ddae0489d0cbee26e867b0a6cff7c2e0964d8"
"md","pair-program","sam","sam/bmad-agent-code-coach/references/pair-program.md","cd6368e7e04e5ef24d44aa7f390da795d03fc187e0cabeac322fedcc42b2a3f1"
"md","pattern-discovery","sam","sam/bmad-agent-dream-weaver/references/pattern-discovery.md","88b033f88d2b87ad8395855c73d6dded73f8c751b43866de16f2d4384bb9a150"
"md","PERSONA-template","sam","sam/bmad-agent-code-coach/assets/PERSONA-template.md","952cbde6192889d3c39de822afec547b831d9f1ae6e8f72160f0da1eceb466f7"
"md","PERSONA-template","sam","sam/bmad-agent-creative-muse/assets/PERSONA-template.md","c59b6e8613cd562f4652abf74adc4b33a233778ffca6dfad553582c005666e8a"
"md","PERSONA-template","sam","sam/bmad-agent-sentinel/assets/PERSONA-template.md","8b725866d98f3c4e987c88cd0edf5ef64a134661eb9818d9ca512555d7daf9db"
"md","PLAN","sam","sam/bmad-agent-creative-muse/PLAN.md","f69c8db65da56aaa037d688e3d48ba3a4a8ebef43476457588e6192a154af878"
"md","potential-catalyst","sam","sam/bmad-agent-sentinel/references/potential-catalyst.md","cf7d800664c97b505ec79aa81a6c98dafd8c0f591b8e385bc305a930c2cefc09"
"md","principles-forge","sam","sam/bmad-agent-sentinel/references/principles-forge.md","8c412bf09bc861aad2435148166ab549a47dde8f92b669fcffe51809d1fad5ae"
"md","problem-solve","sam","sam/bmad-agent-creative-muse/references/problem-solve.md","a6813e40a0567fa8719e9bb7d324968e3a213e301fb92cdaa42d189125cae2df"
"md","problem-solve-methods","sam","sam/bmad-agent-creative-muse/references/problem-solve-methods.md","4a3b56761ab3fe2dbe5015223668ac175b584a98c728a3cf27a755e3d8c6d4c8"
"md","PULSE-template","sam","sam/bmad-agent-code-coach/assets/PULSE-template.md","977b66d6e1604b82541f91c91c25830c1ac353b398205ecdd23c01a43ec83efd"
"md","PULSE-template","sam","sam/bmad-agent-creative-muse/assets/PULSE-template.md","6556c1ef0d974779b0d9775eaafdcbee3cda7b6f2b63ab6c287701ef7613ba3c"
"md","PULSE-template","sam","sam/bmad-agent-sentinel/assets/PULSE-template.md","ee145fb7ce40273cf875388f0ecf7a2caa8ab670933bd35d34179b63fd15c900"
"md","recall-training","sam","sam/bmad-agent-dream-weaver/references/recall-training.md","7911aaf0ddf308d3f3bdf757e2d0b01b11c34e36a127f691fb39d31311d93802"
"md","risk-radar","sam","sam/bmad-agent-sentinel/references/risk-radar.md","a788f330bbad3dc7cd45885e36fbd3045e736074e09dbc6e4d6305a8898e6611"
"md","save-memory","sam","sam/bmad-agent-dream-weaver/references/save-memory.md","ddbbea1099ebbb1e0b9d42f0d0e59239322a4296311c2d538a26c75ce91fcc0e"
"md","SKILL","sam","sam/bmad-agent-code-coach/SKILL.md","bc38551a144caa40ffb1520569ebd430938663030764414da9c1284e31870611"
"md","SKILL","sam","sam/bmad-agent-creative-muse/SKILL.md","54ef82cbe3602ad216bb07051ea1fbece1e5fd231b0923a5a9aa7f48c35c35e0"
"md","SKILL","sam","sam/bmad-agent-diagram-reviewer/SKILL.md","d1210773b0003d5b609ecc6d6a46db536bbcba006f3c70e4b3f8db23ac5037b0"
"md","SKILL","sam","sam/bmad-agent-dream-weaver/SKILL.md","3393e0df7aa37f43aee7f598da76b0d1a013d65033881cd134d9cf259497003d"
"md","SKILL","sam","sam/bmad-agent-sentinel/SKILL.md","b42e73d593c4d12ba024814cbebc10c25864c79c9c540ec9ba517d7ed7288d8b"
"md","SKILL","sam","sam/bmad-excalidraw/SKILL.md","161138e0302a9679c1e7d1f9637c009025b9140f254f478adf04ff06eebad81a"
"md","SKILL","sam","sam/sample-module-setup/SKILL.md","1e14db348933c7f8189bd0a1cc451f6812bc09ddc05733f4c35dec01c6247a28"
"md","story-craft","sam","sam/bmad-agent-creative-muse/references/story-craft.md","cdc97eb82b7c5cc76eb32df098b75a91fde6fb5a0d80d699cb1450ed77af6bdb"
"md","story-craft-frameworks","sam","sam/bmad-agent-creative-muse/references/story-craft-frameworks.md","9a760ec184a605e532f49aeae93833b656520231c9a77206bb4b0610bb7e03dd"
"md","strategic-inflection-sensing","sam","sam/bmad-agent-sentinel/references/strategic-inflection-sensing.md","116fe69d5d08e334f3429dba3fbd5485a9700b76b8b1865cfd725bec18368903"
"py","cleanup-legacy","sam","sam/sample-module-setup/scripts/cleanup-legacy.py","6c9f8e446cd8999ca45207a12c47d57993db10fd3f9f7fbe620754de5b75e1ad"
"py","generate_excalidraw","sam","sam/bmad-excalidraw/scripts/generate_excalidraw.py","8d4bac40315ded59e400f1c080ccbadf910901952bd65007a856a4639ff683f6"
"py","init-sanctum","sam","sam/bmad-agent-code-coach/scripts/init-sanctum.py","84624280e956361c1214880fa064fa8b968904eb765a66e4896b796da6247f58"
"py","init-sanctum","sam","sam/bmad-agent-creative-muse/scripts/init-sanctum.py","7445ce37f166895f89f7e6644b28aee8122443d0f5bf61336dd247d6013f6ae3"
"py","init-sanctum","sam","sam/bmad-agent-sentinel/scripts/init-sanctum.py","d6ba7ac765d6ca30b610e46591328ce516f86afdcf6ea3783ff7ec4b7a6df37d"
"py","merge-config","sam","sam/bmad-agent-dream-weaver/scripts/merge-config.py","4d2d116d4e3812c80dc1c2468f069f33de2e260b524ab244ebdec53390474801"
"py","merge-config","sam","sam/sample-module-setup/scripts/merge-config.py","4d2d116d4e3812c80dc1c2468f069f33de2e260b524ab244ebdec53390474801"
"py","merge-help-csv","sam","sam/bmad-agent-dream-weaver/scripts/merge-help-csv.py","59c481c05c949749e98b0be5bcc6bc053332a4d152493b4a2800fac0ceda8e4d"
"py","merge-help-csv","sam","sam/sample-module-setup/scripts/merge-help-csv.py","59c481c05c949749e98b0be5bcc6bc053332a4d152493b4a2800fac0ceda8e4d"
"py","recall_metrics","sam","sam/bmad-agent-dream-weaver/scripts/recall_metrics.py","62d6c1fc6ca17e2f7d4e5fb3c25b401f1c278d6000271e512d45bf189ca9abfb"
"py","seed_tracker","sam","sam/bmad-agent-dream-weaver/scripts/seed_tracker.py","067b8bc811436e3424ed02deb597194a636d79d4d0df7d5b53476fd69ccf421d"
"py","symbol_stats","sam","sam/bmad-agent-dream-weaver/scripts/symbol_stats.py","b87837a3f2aaed6253c358ebb6a9d2a2ff3671022358f5ebd288908cca613e58"
"py","test_generate_excalidraw","sam","sam/bmad-excalidraw/scripts/tests/test_generate_excalidraw.py","f9a43c8b74220dd03a68dd41d769e065b08cae476e18f844f2b634a836a18c96"
"py","test_recall_metrics","sam","sam/bmad-agent-dream-weaver/scripts/tests/test_recall_metrics.py","4ddd7ee148400ff6470590873f96fc4662849cda414efc9118f747cb28fb4105"
"py","test_seed_tracker","sam","sam/bmad-agent-dream-weaver/scripts/tests/test_seed_tracker.py","88128f7e064ee24198bfabccd16358fa292159c7a5e9a7c5919ecdbfe8de3eeb"
"py","test_symbol_stats","sam","sam/bmad-agent-dream-weaver/scripts/tests/test_symbol_stats.py","f643b5e58862e2f319d7d42cd10a2cf12ac1890e994fa2a60dbdeedf02e4d2e5"
"py","test_validate_excalidraw","sam","sam/bmad-excalidraw/scripts/tests/test_validate_excalidraw.py","595e2a62fe4dca9c10a2208def713881fbeab502c4234454ba96814e9a8ee8b1"
"py","test-init-sanctum","sam","sam/bmad-agent-sentinel/scripts/tests/test-init-sanctum.py","0c783e6ca7579caeda0cef1668e1136e446a74092315b6d0eacc0658ae078ddd"
"py","validate_excalidraw","sam","sam/bmad-excalidraw/scripts/validate_excalidraw.py","739b59c1f886b373a519a2538f5ea874f559f2f7900f9a6eab8ce443060a730e"
"yaml","config","sam","sam/config.yaml","6a3ea8be7eaa55800dc458790a82a09161b3757f839f0315a9d7fcea5ae0a280"
"yaml","module","sam","sam/bmad-agent-dream-weaver/assets/module.yaml","d82c983df3b0232f411bf7e147eaee81c80b2d38c3ad3477770e73c6488601c8"
"yaml","module","sam","sam/sample-module-setup/assets/module.yaml","ef9b61de023f2e35c8a179300375efa2a05bbb50cbd54661c973c35d19f4b235"
"py","resolve_config","scripts","scripts/resolve_config.py","8e326149d9170477ecc21aa2aa2389d8fbaa5d1cd95db2de2ad33029ce8ae528"
"py","resolve_customization","scripts","scripts/resolve_customization.py","6dbf36a2fea13392426fdbaf4f074b6d9b93488a964d2d1bff2a5c1c3a1d506e"
"csv","module-help","tea","tea/module-help.csv","cf6e7b70c831d847e218c033cd859040890eac5a23ba727659b403a55b87e5cb"
"csv","tea-index","tea","tea/bmad-tea/resources/tea-index.csv","196eeaa85a7fb02e4a3ff2459f482f29cc7f563fb2f0c7f4d0c3cc3ad01c414a"
"csv","tea-index","tea","tea/bmad-testarch-atdd/resources/tea-index.csv","bbdb2f4289bd7b33aa5405b4969b48e64ecf7f912a0d4e4a801065b52831995b"
"csv","tea-index","tea","tea/bmad-testarch-automate/resources/tea-index.csv","56bfac8a3ade40b1451e3c3a1675d46a89af3b4350a523ee60faa6a6b8da26b4"
"csv","tea-index","tea","tea/bmad-testarch-ci/resources/tea-index.csv","56bfac8a3ade40b1451e3c3a1675d46a89af3b4350a523ee60faa6a6b8da26b4"
"csv","tea-index","tea","tea/bmad-testarch-framework/resources/tea-index.csv","56bfac8a3ade40b1451e3c3a1675d46a89af3b4350a523ee60faa6a6b8da26b4"
"csv","tea-index","tea","tea/bmad-testarch-nfr/resources/tea-index.csv","56bfac8a3ade40b1451e3c3a1675d46a89af3b4350a523ee60faa6a6b8da26b4"
"csv","tea-index","tea","tea/bmad-testarch-test-design/resources/tea-index.csv","56bfac8a3ade40b1451e3c3a1675d46a89af3b4350a523ee60faa6a6b8da26b4"
"csv","tea-index","tea","tea/bmad-testarch-test-review/resources/tea-index.csv","56bfac8a3ade40b1451e3c3a1675d46a89af3b4350a523ee60faa6a6b8da26b4"
"csv","tea-index","tea","tea/bmad-testarch-trace/resources/tea-index.csv","56bfac8a3ade40b1451e3c3a1675d46a89af3b4350a523ee60faa6a6b8da26b4"
"groovy","jenkins-pipeline-template","tea","tea/bmad-testarch-ci/jenkins-pipeline-template.groovy","ae865401625d2d20b9396d41e333f39bc167967e1949761301e551131c4c7958"
"md","adr-quality-readiness-checklist","tea","tea/bmad-tea/resources/knowledge/adr-quality-readiness-checklist.md","34bf3460bd3218ce00efc148137f2dc67dfac2d69215c362978ca688e2fe4420"
"md","adr-quality-readiness-checklist","tea","tea/bmad-testarch-atdd/resources/knowledge/adr-quality-readiness-checklist.md","34bf3460bd3218ce00efc148137f2dc67dfac2d69215c362978ca688e2fe4420"
"md","adr-quality-readiness-checklist","tea","tea/bmad-testarch-automate/resources/knowledge/adr-quality-readiness-checklist.md","34bf3460bd3218ce00efc148137f2dc67dfac2d69215c362978ca688e2fe4420"
"md","adr-quality-readiness-checklist","tea","tea/bmad-testarch-ci/resources/knowledge/adr-quality-readiness-checklist.md","34bf3460bd3218ce00efc148137f2dc67dfac2d69215c362978ca688e2fe4420"
"md","adr-quality-readiness-checklist","tea","tea/bmad-testarch-framework/resources/knowledge/adr-quality-readiness-checklist.md","34bf3460bd3218ce00efc148137f2dc67dfac2d69215c362978ca688e2fe4420"
"md","adr-quality-readiness-checklist","tea","tea/bmad-testarch-nfr/resources/knowledge/adr-quality-readiness-checklist.md","34bf3460bd3218ce00efc148137f2dc67dfac2d69215c362978ca688e2fe4420"
"md","adr-quality-readiness-checklist","tea","tea/bmad-testarch-test-design/resources/knowledge/adr-quality-readiness-checklist.md","34bf3460bd3218ce00efc148137f2dc67dfac2d69215c362978ca688e2fe4420"
"md","adr-quality-readiness-checklist","tea","tea/bmad-testarch-test-review/resources/knowledge/adr-quality-readiness-checklist.md","34bf3460bd3218ce00efc148137f2dc67dfac2d69215c362978ca688e2fe4420"
"md","adr-quality-readiness-checklist","tea","tea/bmad-testarch-trace/resources/knowledge/adr-quality-readiness-checklist.md","34bf3460bd3218ce00efc148137f2dc67dfac2d69215c362978ca688e2fe4420"
"md","api-request","tea","tea/bmad-tea/resources/knowledge/api-request.md","ec62463549c406685beec789c6e363a88bcf4b082eb1ea79a071d57d5bd32a9c"
"md","api-request","tea","tea/bmad-testarch-atdd/resources/knowledge/api-request.md","ec62463549c406685beec789c6e363a88bcf4b082eb1ea79a071d57d5bd32a9c"
"md","api-request","tea","tea/bmad-testarch-automate/resources/knowledge/api-request.md","ec62463549c406685beec789c6e363a88bcf4b082eb1ea79a071d57d5bd32a9c"
"md","api-request","tea","tea/bmad-testarch-ci/resources/knowledge/api-request.md","ec62463549c406685beec789c6e363a88bcf4b082eb1ea79a071d57d5bd32a9c"
"md","api-request","tea","tea/bmad-testarch-framework/resources/knowledge/api-request.md","ec62463549c406685beec789c6e363a88bcf4b082eb1ea79a071d57d5bd32a9c"
"md","api-request","tea","tea/bmad-testarch-nfr/resources/knowledge/api-request.md","ec62463549c406685beec789c6e363a88bcf4b082eb1ea79a071d57d5bd32a9c"
"md","api-request","tea","tea/bmad-testarch-test-design/resources/knowledge/api-request.md","ec62463549c406685beec789c6e363a88bcf4b082eb1ea79a071d57d5bd32a9c"
"md","api-request","tea","tea/bmad-testarch-test-review/resources/knowledge/api-request.md","ec62463549c406685beec789c6e363a88bcf4b082eb1ea79a071d57d5bd32a9c"
"md","api-request","tea","tea/bmad-testarch-trace/resources/knowledge/api-request.md","ec62463549c406685beec789c6e363a88bcf4b082eb1ea79a071d57d5bd32a9c"
"md","api-testing-patterns","tea","tea/bmad-tea/resources/knowledge/api-testing-patterns.md","b9f90153a17cd5a1545a8693aff5088dd3c0261baf9a710f342cf3e62b60913c"
"md","api-testing-patterns","tea","tea/bmad-testarch-atdd/resources/knowledge/api-testing-patterns.md","b9f90153a17cd5a1545a8693aff5088dd3c0261baf9a710f342cf3e62b60913c"
"md","api-testing-patterns","tea","tea/bmad-testarch-automate/resources/knowledge/api-testing-patterns.md","b9f90153a17cd5a1545a8693aff5088dd3c0261baf9a710f342cf3e62b60913c"
"md","api-testing-patterns","tea","tea/bmad-testarch-ci/resources/knowledge/api-testing-patterns.md","b9f90153a17cd5a1545a8693aff5088dd3c0261baf9a710f342cf3e62b60913c"
"md","api-testing-patterns","tea","tea/bmad-testarch-framework/resources/knowledge/api-testing-patterns.md","b9f90153a17cd5a1545a8693aff5088dd3c0261baf9a710f342cf3e62b60913c"
"md","api-testing-patterns","tea","tea/bmad-testarch-nfr/resources/knowledge/api-testing-patterns.md","b9f90153a17cd5a1545a8693aff5088dd3c0261baf9a710f342cf3e62b60913c"
"md","api-testing-patterns","tea","tea/bmad-testarch-test-design/resources/knowledge/api-testing-patterns.md","b9f90153a17cd5a1545a8693aff5088dd3c0261baf9a710f342cf3e62b60913c"
"md","api-testing-patterns","tea","tea/bmad-testarch-test-review/resources/knowledge/api-testing-patterns.md","b9f90153a17cd5a1545a8693aff5088dd3c0261baf9a710f342cf3e62b60913c"
"md","api-testing-patterns","tea","tea/bmad-testarch-trace/resources/knowledge/api-testing-patterns.md","b9f90153a17cd5a1545a8693aff5088dd3c0261baf9a710f342cf3e62b60913c"
"md","atdd-checklist-template","tea","tea/bmad-testarch-atdd/atdd-checklist-template.md","40b63c98973ce138be81904d8dda12afe2ef9de83cda9ad1b71eec456bbbe781"
"md","auth-session","tea","tea/bmad-tea/resources/knowledge/auth-session.md","52c284351bff80dfd76823164065e11a8e64ebe9852d56aff9f5cc6c5daf91a8"
"md","auth-session","tea","tea/bmad-testarch-atdd/resources/knowledge/auth-session.md","52c284351bff80dfd76823164065e11a8e64ebe9852d56aff9f5cc6c5daf91a8"
"md","auth-session","tea","tea/bmad-testarch-automate/resources/knowledge/auth-session.md","52c284351bff80dfd76823164065e11a8e64ebe9852d56aff9f5cc6c5daf91a8"
"md","auth-session","tea","tea/bmad-testarch-ci/resources/knowledge/auth-session.md","52c284351bff80dfd76823164065e11a8e64ebe9852d56aff9f5cc6c5daf91a8"
"md","auth-session","tea","tea/bmad-testarch-framework/resources/knowledge/auth-session.md","52c284351bff80dfd76823164065e11a8e64ebe9852d56aff9f5cc6c5daf91a8"
"md","auth-session","tea","tea/bmad-testarch-nfr/resources/knowledge/auth-session.md","52c284351bff80dfd76823164065e11a8e64ebe9852d56aff9f5cc6c5daf91a8"
"md","auth-session","tea","tea/bmad-testarch-test-design/resources/knowledge/auth-session.md","52c284351bff80dfd76823164065e11a8e64ebe9852d56aff9f5cc6c5daf91a8"
"md","auth-session","tea","tea/bmad-testarch-test-review/resources/knowledge/auth-session.md","52c284351bff80dfd76823164065e11a8e64ebe9852d56aff9f5cc6c5daf91a8"
"md","auth-session","tea","tea/bmad-testarch-trace/resources/knowledge/auth-session.md","52c284351bff80dfd76823164065e11a8e64ebe9852d56aff9f5cc6c5daf91a8"
"md","burn-in","tea","tea/bmad-tea/resources/knowledge/burn-in.md","e2d9e0f3a1072f24f07d0dc555af1e2e7c632257acf9bc9f957aba33e70483ec"
"md","burn-in","tea","tea/bmad-testarch-atdd/resources/knowledge/burn-in.md","e2d9e0f3a1072f24f07d0dc555af1e2e7c632257acf9bc9f957aba33e70483ec"
"md","burn-in","tea","tea/bmad-testarch-automate/resources/knowledge/burn-in.md","e2d9e0f3a1072f24f07d0dc555af1e2e7c632257acf9bc9f957aba33e70483ec"
"md","burn-in","tea","tea/bmad-testarch-ci/resources/knowledge/burn-in.md","e2d9e0f3a1072f24f07d0dc555af1e2e7c632257acf9bc9f957aba33e70483ec"
"md","burn-in","tea","tea/bmad-testarch-framework/resources/knowledge/burn-in.md","e2d9e0f3a1072f24f07d0dc555af1e2e7c632257acf9bc9f957aba33e70483ec"
"md","burn-in","tea","tea/bmad-testarch-nfr/resources/knowledge/burn-in.md","e2d9e0f3a1072f24f07d0dc555af1e2e7c632257acf9bc9f957aba33e70483ec"
"md","burn-in","tea","tea/bmad-testarch-test-design/resources/knowledge/burn-in.md","e2d9e0f3a1072f24f07d0dc555af1e2e7c632257acf9bc9f957aba33e70483ec"
"md","burn-in","tea","tea/bmad-testarch-test-review/resources/knowledge/burn-in.md","e2d9e0f3a1072f24f07d0dc555af1e2e7c632257acf9bc9f957aba33e70483ec"
"md","burn-in","tea","tea/bmad-testarch-trace/resources/knowledge/burn-in.md","e2d9e0f3a1072f24f07d0dc555af1e2e7c632257acf9bc9f957aba33e70483ec"
"md","certificate-template","tea","tea/bmad-teach-me-testing/templates/certificate-template.md","43131d02dbcdbc4e6ff241d72a8b6b30fa4168b375019f48dcbbcb0fd1ae0eb7"
"md","checklist","tea","tea/bmad-testarch-atdd/checklist.md","a87c15153743863b695abeaf5f362cd2d2c86a9dddc7f7ce99634feb4b697eb4"
"md","checklist","tea","tea/bmad-testarch-automate/checklist.md","8fd2732067a62ab138d70f2c922c215199cf0db4e6c74c40acb1fa2b0880982a"
"md","checklist","tea","tea/bmad-testarch-ci/checklist.md","e0b04864e46012e7ffc5908cd95a929bbd1d4a3b63b6aef34b086af7a4bc7b1e"
"md","checklist","tea","tea/bmad-testarch-framework/checklist.md","75b8ec622b646c4647f176731713f1964ea6e08f42724f3a655408372d226aef"
"md","checklist","tea","tea/bmad-testarch-nfr/checklist.md","e37368b559bcafcac645d150f3202dd8ac2f067c8186ef6f51bc3a5716187642"
"md","checklist","tea","tea/bmad-testarch-test-design/checklist.md","634e48394ca367e2438d1fc72acf2bda941ce6a581335b6d02c270948e58f193"
"md","checklist","tea","tea/bmad-testarch-test-review/checklist.md","e12ca8ec7ef38b77196d5e5483988d99a21c11cdd15104f7558986a57115183c"
"md","checklist","tea","tea/bmad-testarch-trace/checklist.md","c0045cac93aa3900b362e5af110683a8ff4524fc54c8f3dc911c8cafb72c3d3b"
"md","checklist","tea","tea/bmad-teach-me-testing/checklist.md","96f43d4c563f140cc781896d1ef5bf31f1cc2edf9152afa8955b65fff68b09d4"
"md","ci-burn-in","tea","tea/bmad-tea/resources/knowledge/ci-burn-in.md","4b16166d59e74d29a6a9f5a17f84245505d7d9ce47b17138c7a44d885b7eaa5c"
"md","ci-burn-in","tea","tea/bmad-testarch-atdd/resources/knowledge/ci-burn-in.md","4b16166d59e74d29a6a9f5a17f84245505d7d9ce47b17138c7a44d885b7eaa5c"
"md","ci-burn-in","tea","tea/bmad-testarch-automate/resources/knowledge/ci-burn-in.md","4b16166d59e74d29a6a9f5a17f84245505d7d9ce47b17138c7a44d885b7eaa5c"
"md","ci-burn-in","tea","tea/bmad-testarch-ci/resources/knowledge/ci-burn-in.md","4b16166d59e74d29a6a9f5a17f84245505d7d9ce47b17138c7a44d885b7eaa5c"
"md","ci-burn-in","tea","tea/bmad-testarch-framework/resources/knowledge/ci-burn-in.md","4b16166d59e74d29a6a9f5a17f84245505d7d9ce47b17138c7a44d885b7eaa5c"
"md","ci-burn-in","tea","tea/bmad-testarch-nfr/resources/knowledge/ci-burn-in.md","4b16166d59e74d29a6a9f5a17f84245505d7d9ce47b17138c7a44d885b7eaa5c"
"md","ci-burn-in","tea","tea/bmad-testarch-test-design/resources/knowledge/ci-burn-in.md","4b16166d59e74d29a6a9f5a17f84245505d7d9ce47b17138c7a44d885b7eaa5c"
"md","ci-burn-in","tea","tea/bmad-testarch-test-review/resources/knowledge/ci-burn-in.md","4b16166d59e74d29a6a9f5a17f84245505d7d9ce47b17138c7a44d885b7eaa5c"
"md","ci-burn-in","tea","tea/bmad-testarch-trace/resources/knowledge/ci-burn-in.md","4b16166d59e74d29a6a9f5a17f84245505d7d9ce47b17138c7a44d885b7eaa5c"
"md","component-tdd","tea","tea/bmad-tea/resources/knowledge/component-tdd.md","1acb4c48b2f924f60ed6784955597c17120466d5dc24d2e43e4b0a1bd0e61aae"
"md","component-tdd","tea","tea/bmad-testarch-atdd/resources/knowledge/component-tdd.md","1acb4c48b2f924f60ed6784955597c17120466d5dc24d2e43e4b0a1bd0e61aae"
"md","component-tdd","tea","tea/bmad-testarch-automate/resources/knowledge/component-tdd.md","1acb4c48b2f924f60ed6784955597c17120466d5dc24d2e43e4b0a1bd0e61aae"
"md","component-tdd","tea","tea/bmad-testarch-ci/resources/knowledge/component-tdd.md","1acb4c48b2f924f60ed6784955597c17120466d5dc24d2e43e4b0a1bd0e61aae"
"md","component-tdd","tea","tea/bmad-testarch-framework/resources/knowledge/component-tdd.md","1acb4c48b2f924f60ed6784955597c17120466d5dc24d2e43e4b0a1bd0e61aae"
"md","component-tdd","tea","tea/bmad-testarch-nfr/resources/knowledge/component-tdd.md","1acb4c48b2f924f60ed6784955597c17120466d5dc24d2e43e4b0a1bd0e61aae"
"md","component-tdd","tea","tea/bmad-testarch-test-design/resources/knowledge/component-tdd.md","1acb4c48b2f924f60ed6784955597c17120466d5dc24d2e43e4b0a1bd0e61aae"
"md","component-tdd","tea","tea/bmad-testarch-test-review/resources/knowledge/component-tdd.md","1acb4c48b2f924f60ed6784955597c17120466d5dc24d2e43e4b0a1bd0e61aae"
"md","component-tdd","tea","tea/bmad-testarch-trace/resources/knowledge/component-tdd.md","1acb4c48b2f924f60ed6784955597c17120466d5dc24d2e43e4b0a1bd0e61aae"
"md","contract-testing","tea","tea/bmad-tea/resources/knowledge/contract-testing.md","c44ce953f0071c9bedca3b9168f5740037ea3a13ee4f4c9ab01bc073bbd09c0a"
"md","contract-testing","tea","tea/bmad-testarch-atdd/resources/knowledge/contract-testing.md","bb54e9e21327a0fa1dd6c8484ce2b852d31819befec1e89bcbc6d55d049921fe"
"md","contract-testing","tea","tea/bmad-testarch-automate/resources/knowledge/contract-testing.md","7a916cd41d1a5604b0ab08fae9ee641d239dd80814cee0f1fc9ab956d6d2c1b5"
"md","contract-testing","tea","tea/bmad-testarch-ci/resources/knowledge/contract-testing.md","7a916cd41d1a5604b0ab08fae9ee641d239dd80814cee0f1fc9ab956d6d2c1b5"
"md","contract-testing","tea","tea/bmad-testarch-framework/resources/knowledge/contract-testing.md","7a916cd41d1a5604b0ab08fae9ee641d239dd80814cee0f1fc9ab956d6d2c1b5"
"md","contract-testing","tea","tea/bmad-testarch-nfr/resources/knowledge/contract-testing.md","7a916cd41d1a5604b0ab08fae9ee641d239dd80814cee0f1fc9ab956d6d2c1b5"
"md","contract-testing","tea","tea/bmad-testarch-test-design/resources/knowledge/contract-testing.md","7a916cd41d1a5604b0ab08fae9ee641d239dd80814cee0f1fc9ab956d6d2c1b5"
"md","contract-testing","tea","tea/bmad-testarch-test-review/resources/knowledge/contract-testing.md","7a916cd41d1a5604b0ab08fae9ee641d239dd80814cee0f1fc9ab956d6d2c1b5"
"md","contract-testing","tea","tea/bmad-testarch-trace/resources/knowledge/contract-testing.md","7a916cd41d1a5604b0ab08fae9ee641d239dd80814cee0f1fc9ab956d6d2c1b5"
"md","data-factories","tea","tea/bmad-tea/resources/knowledge/data-factories.md","c98dab79a9064d45402dbe0a5c25a1d82b53557c56e3f142023bf907e2b98d53"
"md","data-factories","tea","tea/bmad-testarch-atdd/resources/knowledge/data-factories.md","c98dab79a9064d45402dbe0a5c25a1d82b53557c56e3f142023bf907e2b98d53"
"md","data-factories","tea","tea/bmad-testarch-automate/resources/knowledge/data-factories.md","c98dab79a9064d45402dbe0a5c25a1d82b53557c56e3f142023bf907e2b98d53"
"md","data-factories","tea","tea/bmad-testarch-ci/resources/knowledge/data-factories.md","c98dab79a9064d45402dbe0a5c25a1d82b53557c56e3f142023bf907e2b98d53"
"md","data-factories","tea","tea/bmad-testarch-framework/resources/knowledge/data-factories.md","c98dab79a9064d45402dbe0a5c25a1d82b53557c56e3f142023bf907e2b98d53"
"md","data-factories","tea","tea/bmad-testarch-nfr/resources/knowledge/data-factories.md","c98dab79a9064d45402dbe0a5c25a1d82b53557c56e3f142023bf907e2b98d53"
"md","data-factories","tea","tea/bmad-testarch-test-design/resources/knowledge/data-factories.md","c98dab79a9064d45402dbe0a5c25a1d82b53557c56e3f142023bf907e2b98d53"
"md","data-factories","tea","tea/bmad-testarch-test-review/resources/knowledge/data-factories.md","c98dab79a9064d45402dbe0a5c25a1d82b53557c56e3f142023bf907e2b98d53"
"md","data-factories","tea","tea/bmad-testarch-trace/resources/knowledge/data-factories.md","c98dab79a9064d45402dbe0a5c25a1d82b53557c56e3f142023bf907e2b98d53"
"md","email-auth","tea","tea/bmad-tea/resources/knowledge/email-auth.md","1265f30cdd7b85f164769abf4f6ea86b6abec3acd90653e646a9c9ee17176963"
"md","email-auth","tea","tea/bmad-testarch-atdd/resources/knowledge/email-auth.md","1265f30cdd7b85f164769abf4f6ea86b6abec3acd90653e646a9c9ee17176963"
"md","email-auth","tea","tea/bmad-testarch-automate/resources/knowledge/email-auth.md","1265f30cdd7b85f164769abf4f6ea86b6abec3acd90653e646a9c9ee17176963"
"md","email-auth","tea","tea/bmad-testarch-ci/resources/knowledge/email-auth.md","1265f30cdd7b85f164769abf4f6ea86b6abec3acd90653e646a9c9ee17176963"
"md","email-auth","tea","tea/bmad-testarch-framework/resources/knowledge/email-auth.md","1265f30cdd7b85f164769abf4f6ea86b6abec3acd90653e646a9c9ee17176963"
"md","email-auth","tea","tea/bmad-testarch-nfr/resources/knowledge/email-auth.md","1265f30cdd7b85f164769abf4f6ea86b6abec3acd90653e646a9c9ee17176963"
"md","email-auth","tea","tea/bmad-testarch-test-design/resources/knowledge/email-auth.md","1265f30cdd7b85f164769abf4f6ea86b6abec3acd90653e646a9c9ee17176963"
"md","email-auth","tea","tea/bmad-testarch-test-review/resources/knowledge/email-auth.md","1265f30cdd7b85f164769abf4f6ea86b6abec3acd90653e646a9c9ee17176963"
"md","email-auth","tea","tea/bmad-testarch-trace/resources/knowledge/email-auth.md","1265f30cdd7b85f164769abf4f6ea86b6abec3acd90653e646a9c9ee17176963"
"md","error-handling","tea","tea/bmad-tea/resources/knowledge/error-handling.md","9122f09fed1f52a679cb513d5d3c7c93c66e9021ee58e99fd66692e50db28be4"
"md","error-handling","tea","tea/bmad-testarch-atdd/resources/knowledge/error-handling.md","9122f09fed1f52a679cb513d5d3c7c93c66e9021ee58e99fd66692e50db28be4"
"md","error-handling","tea","tea/bmad-testarch-automate/resources/knowledge/error-handling.md","9122f09fed1f52a679cb513d5d3c7c93c66e9021ee58e99fd66692e50db28be4"
"md","error-handling","tea","tea/bmad-testarch-ci/resources/knowledge/error-handling.md","9122f09fed1f52a679cb513d5d3c7c93c66e9021ee58e99fd66692e50db28be4"
"md","error-handling","tea","tea/bmad-testarch-framework/resources/knowledge/error-handling.md","9122f09fed1f52a679cb513d5d3c7c93c66e9021ee58e99fd66692e50db28be4"
"md","error-handling","tea","tea/bmad-testarch-nfr/resources/knowledge/error-handling.md","9122f09fed1f52a679cb513d5d3c7c93c66e9021ee58e99fd66692e50db28be4"
"md","error-handling","tea","tea/bmad-testarch-test-design/resources/knowledge/error-handling.md","9122f09fed1f52a679cb513d5d3c7c93c66e9021ee58e99fd66692e50db28be4"
"md","error-handling","tea","tea/bmad-testarch-test-review/resources/knowledge/error-handling.md","9122f09fed1f52a679cb513d5d3c7c93c66e9021ee58e99fd66692e50db28be4"
"md","error-handling","tea","tea/bmad-testarch-trace/resources/knowledge/error-handling.md","9122f09fed1f52a679cb513d5d3c7c93c66e9021ee58e99fd66692e50db28be4"
"md","feature-flags","tea","tea/bmad-tea/resources/knowledge/feature-flags.md","37286f0ab1ce44e6d6708cea3118be628e79ca7afdda9cb3084c3d86e07f2f6d"
"md","feature-flags","tea","tea/bmad-testarch-atdd/resources/knowledge/feature-flags.md","37286f0ab1ce44e6d6708cea3118be628e79ca7afdda9cb3084c3d86e07f2f6d"
"md","feature-flags","tea","tea/bmad-testarch-automate/resources/knowledge/feature-flags.md","37286f0ab1ce44e6d6708cea3118be628e79ca7afdda9cb3084c3d86e07f2f6d"
"md","feature-flags","tea","tea/bmad-testarch-ci/resources/knowledge/feature-flags.md","37286f0ab1ce44e6d6708cea3118be628e79ca7afdda9cb3084c3d86e07f2f6d"
"md","feature-flags","tea","tea/bmad-testarch-framework/resources/knowledge/feature-flags.md","37286f0ab1ce44e6d6708cea3118be628e79ca7afdda9cb3084c3d86e07f2f6d"
"md","feature-flags","tea","tea/bmad-testarch-nfr/resources/knowledge/feature-flags.md","37286f0ab1ce44e6d6708cea3118be628e79ca7afdda9cb3084c3d86e07f2f6d"
"md","feature-flags","tea","tea/bmad-testarch-test-design/resources/knowledge/feature-flags.md","37286f0ab1ce44e6d6708cea3118be628e79ca7afdda9cb3084c3d86e07f2f6d"
"md","feature-flags","tea","tea/bmad-testarch-test-review/resources/knowledge/feature-flags.md","37286f0ab1ce44e6d6708cea3118be628e79ca7afdda9cb3084c3d86e07f2f6d"
"md","feature-flags","tea","tea/bmad-testarch-trace/resources/knowledge/feature-flags.md","37286f0ab1ce44e6d6708cea3118be628e79ca7afdda9cb3084c3d86e07f2f6d"
"md","file-utils","tea","tea/bmad-tea/resources/knowledge/file-utils.md","f348141dc7c2fd75712bdf0074ba292469dd54be20b786a893d21cd85a0f6f0e"
"md","file-utils","tea","tea/bmad-testarch-atdd/resources/knowledge/file-utils.md","f348141dc7c2fd75712bdf0074ba292469dd54be20b786a893d21cd85a0f6f0e"
"md","file-utils","tea","tea/bmad-testarch-automate/resources/knowledge/file-utils.md","f348141dc7c2fd75712bdf0074ba292469dd54be20b786a893d21cd85a0f6f0e"
"md","file-utils","tea","tea/bmad-testarch-ci/resources/knowledge/file-utils.md","f348141dc7c2fd75712bdf0074ba292469dd54be20b786a893d21cd85a0f6f0e"
"md","file-utils","tea","tea/bmad-testarch-framework/resources/knowledge/file-utils.md","f348141dc7c2fd75712bdf0074ba292469dd54be20b786a893d21cd85a0f6f0e"
"md","file-utils","tea","tea/bmad-testarch-nfr/resources/knowledge/file-utils.md","f348141dc7c2fd75712bdf0074ba292469dd54be20b786a893d21cd85a0f6f0e"
"md","file-utils","tea","tea/bmad-testarch-test-design/resources/knowledge/file-utils.md","f348141dc7c2fd75712bdf0074ba292469dd54be20b786a893d21cd85a0f6f0e"
"md","file-utils","tea","tea/bmad-testarch-test-review/resources/knowledge/file-utils.md","f348141dc7c2fd75712bdf0074ba292469dd54be20b786a893d21cd85a0f6f0e"
"md","file-utils","tea","tea/bmad-testarch-trace/resources/knowledge/file-utils.md","f348141dc7c2fd75712bdf0074ba292469dd54be20b786a893d21cd85a0f6f0e"
"md","fixture-architecture","tea","tea/bmad-tea/resources/knowledge/fixture-architecture.md","636a022ba08faad496c24fdbef2ddff9081a03b608fa6eadd4301e5ebbb1cd0c"
"md","fixture-architecture","tea","tea/bmad-testarch-atdd/resources/knowledge/fixture-architecture.md","636a022ba08faad496c24fdbef2ddff9081a03b608fa6eadd4301e5ebbb1cd0c"
"md","fixture-architecture","tea","tea/bmad-testarch-automate/resources/knowledge/fixture-architecture.md","636a022ba08faad496c24fdbef2ddff9081a03b608fa6eadd4301e5ebbb1cd0c"
"md","fixture-architecture","tea","tea/bmad-testarch-ci/resources/knowledge/fixture-architecture.md","636a022ba08faad496c24fdbef2ddff9081a03b608fa6eadd4301e5ebbb1cd0c"
"md","fixture-architecture","tea","tea/bmad-testarch-framework/resources/knowledge/fixture-architecture.md","636a022ba08faad496c24fdbef2ddff9081a03b608fa6eadd4301e5ebbb1cd0c"
"md","fixture-architecture","tea","tea/bmad-testarch-nfr/resources/knowledge/fixture-architecture.md","636a022ba08faad496c24fdbef2ddff9081a03b608fa6eadd4301e5ebbb1cd0c"
"md","fixture-architecture","tea","tea/bmad-testarch-test-design/resources/knowledge/fixture-architecture.md","636a022ba08faad496c24fdbef2ddff9081a03b608fa6eadd4301e5ebbb1cd0c"
"md","fixture-architecture","tea","tea/bmad-testarch-test-review/resources/knowledge/fixture-architecture.md","636a022ba08faad496c24fdbef2ddff9081a03b608fa6eadd4301e5ebbb1cd0c"
"md","fixture-architecture","tea","tea/bmad-testarch-trace/resources/knowledge/fixture-architecture.md","636a022ba08faad496c24fdbef2ddff9081a03b608fa6eadd4301e5ebbb1cd0c"
"md","fixtures-composition","tea","tea/bmad-tea/resources/knowledge/fixtures-composition.md","5031a64c2b00784b9a0dcb18eaf2beb7f9a8a0d7727acfd0e27430b316e696f1"
"md","fixtures-composition","tea","tea/bmad-testarch-atdd/resources/knowledge/fixtures-composition.md","5031a64c2b00784b9a0dcb18eaf2beb7f9a8a0d7727acfd0e27430b316e696f1"
"md","fixtures-composition","tea","tea/bmad-testarch-automate/resources/knowledge/fixtures-composition.md","5031a64c2b00784b9a0dcb18eaf2beb7f9a8a0d7727acfd0e27430b316e696f1"
"md","fixtures-composition","tea","tea/bmad-testarch-ci/resources/knowledge/fixtures-composition.md","5031a64c2b00784b9a0dcb18eaf2beb7f9a8a0d7727acfd0e27430b316e696f1"
"md","fixtures-composition","tea","tea/bmad-testarch-framework/resources/knowledge/fixtures-composition.md","5031a64c2b00784b9a0dcb18eaf2beb7f9a8a0d7727acfd0e27430b316e696f1"
"md","fixtures-composition","tea","tea/bmad-testarch-nfr/resources/knowledge/fixtures-composition.md","5031a64c2b00784b9a0dcb18eaf2beb7f9a8a0d7727acfd0e27430b316e696f1"
"md","fixtures-composition","tea","tea/bmad-testarch-test-design/resources/knowledge/fixtures-composition.md","5031a64c2b00784b9a0dcb18eaf2beb7f9a8a0d7727acfd0e27430b316e696f1"
"md","fixtures-composition","tea","tea/bmad-testarch-test-review/resources/knowledge/fixtures-composition.md","5031a64c2b00784b9a0dcb18eaf2beb7f9a8a0d7727acfd0e27430b316e696f1"
"md","fixtures-composition","tea","tea/bmad-testarch-trace/resources/knowledge/fixtures-composition.md","5031a64c2b00784b9a0dcb18eaf2beb7f9a8a0d7727acfd0e27430b316e696f1"
"md","instructions","tea","tea/bmad-testarch-atdd/instructions.md","c8b670e0cec15af3991fa253099a3f34d37b3d97a30b6ab7518268a2967d6c6c"
"md","instructions","tea","tea/bmad-testarch-automate/instructions.md","efb5e23367aaf7802542bc28ea538bebc2041f3a5a1a122298414e941682957f"
"md","instructions","tea","tea/bmad-testarch-ci/instructions.md","11ad5afa912f011190c536b732e51bb36aab4dc6b630afdac2385af896af19ed"
"md","instructions","tea","tea/bmad-testarch-framework/instructions.md","7dd8eba3b29fe76af8433ac7a125a6f1da4ddb9dae06f8acd5d145843d94780b"
"md","instructions","tea","tea/bmad-testarch-nfr/instructions.md","239658d47c58b03de08668c9d276a0e961c425252f08266c6c06a1af29de8995"
"md","instructions","tea","tea/bmad-testarch-test-design/instructions.md","aff3525d8a380a285170a8a01327c4497889c8feca3be7b0a960f3c26d113e0f"
"md","instructions","tea","tea/bmad-testarch-test-review/instructions.md","a7675a7b2c2f3125b36c0ad084f41f8b0c915ff59d36d607a31c8d1a08eb09b6"
"md","instructions","tea","tea/bmad-testarch-trace/instructions.md","f0aeaa74da72dd1d08a773172571d4da49b6a9c82208f0659a50a43617fcb55c"
"md","instructions","tea","tea/bmad-teach-me-testing/instructions.md","1eb4bb174c42bbbc4535d788c8b645eaa4f5139eb6965aca3d55998d7ea1668b"
"md","intercept-network-call","tea","tea/bmad-tea/resources/knowledge/intercept-network-call.md","47c84d6091054f576a190b01b985ed5914880cd6a9c728458a3812c67185f268"
"md","intercept-network-call","tea","tea/bmad-testarch-atdd/resources/knowledge/intercept-network-call.md","47c84d6091054f576a190b01b985ed5914880cd6a9c728458a3812c67185f268"
"md","intercept-network-call","tea","tea/bmad-testarch-automate/resources/knowledge/intercept-network-call.md","47c84d6091054f576a190b01b985ed5914880cd6a9c728458a3812c67185f268"
"md","intercept-network-call","tea","tea/bmad-testarch-ci/resources/knowledge/intercept-network-call.md","47c84d6091054f576a190b01b985ed5914880cd6a9c728458a3812c67185f268"
"md","intercept-network-call","tea","tea/bmad-testarch-framework/resources/knowledge/intercept-network-call.md","47c84d6091054f576a190b01b985ed5914880cd6a9c728458a3812c67185f268"
"md","intercept-network-call","tea","tea/bmad-testarch-nfr/resources/knowledge/intercept-network-call.md","47c84d6091054f576a190b01b985ed5914880cd6a9c728458a3812c67185f268"
"md","intercept-network-call","tea","tea/bmad-testarch-test-design/resources/knowledge/intercept-network-call.md","47c84d6091054f576a190b01b985ed5914880cd6a9c728458a3812c67185f268"
"md","intercept-network-call","tea","tea/bmad-testarch-test-review/resources/knowledge/intercept-network-call.md","47c84d6091054f576a190b01b985ed5914880cd6a9c728458a3812c67185f268"
"md","intercept-network-call","tea","tea/bmad-testarch-trace/resources/knowledge/intercept-network-call.md","47c84d6091054f576a190b01b985ed5914880cd6a9c728458a3812c67185f268"
"md","log","tea","tea/bmad-tea/resources/knowledge/log.md","76966ff3bd15e5afa47ab71decc1b7c0a65f7ea7751ac5a9196ba3c0e9e0e6cb"
"md","log","tea","tea/bmad-testarch-atdd/resources/knowledge/log.md","76966ff3bd15e5afa47ab71decc1b7c0a65f7ea7751ac5a9196ba3c0e9e0e6cb"
"md","log","tea","tea/bmad-testarch-automate/resources/knowledge/log.md","76966ff3bd15e5afa47ab71decc1b7c0a65f7ea7751ac5a9196ba3c0e9e0e6cb"
"md","log","tea","tea/bmad-testarch-ci/resources/knowledge/log.md","76966ff3bd15e5afa47ab71decc1b7c0a65f7ea7751ac5a9196ba3c0e9e0e6cb"
"md","log","tea","tea/bmad-testarch-framework/resources/knowledge/log.md","76966ff3bd15e5afa47ab71decc1b7c0a65f7ea7751ac5a9196ba3c0e9e0e6cb"
"md","log","tea","tea/bmad-testarch-nfr/resources/knowledge/log.md","76966ff3bd15e5afa47ab71decc1b7c0a65f7ea7751ac5a9196ba3c0e9e0e6cb"
"md","log","tea","tea/bmad-testarch-test-design/resources/knowledge/log.md","76966ff3bd15e5afa47ab71decc1b7c0a65f7ea7751ac5a9196ba3c0e9e0e6cb"
"md","log","tea","tea/bmad-testarch-test-review/resources/knowledge/log.md","76966ff3bd15e5afa47ab71decc1b7c0a65f7ea7751ac5a9196ba3c0e9e0e6cb"
"md","log","tea","tea/bmad-testarch-trace/resources/knowledge/log.md","76966ff3bd15e5afa47ab71decc1b7c0a65f7ea7751ac5a9196ba3c0e9e0e6cb"
"md","network-error-monitor","tea","tea/bmad-tea/resources/knowledge/network-error-monitor.md","4c517d05583bac0fb4b92413b4daee814c87de37ca41f39149864f688c25f67c"
"md","network-error-monitor","tea","tea/bmad-testarch-atdd/resources/knowledge/network-error-monitor.md","4c517d05583bac0fb4b92413b4daee814c87de37ca41f39149864f688c25f67c"
"md","network-error-monitor","tea","tea/bmad-testarch-automate/resources/knowledge/network-error-monitor.md","4c517d05583bac0fb4b92413b4daee814c87de37ca41f39149864f688c25f67c"
"md","network-error-monitor","tea","tea/bmad-testarch-ci/resources/knowledge/network-error-monitor.md","4c517d05583bac0fb4b92413b4daee814c87de37ca41f39149864f688c25f67c"
"md","network-error-monitor","tea","tea/bmad-testarch-framework/resources/knowledge/network-error-monitor.md","4c517d05583bac0fb4b92413b4daee814c87de37ca41f39149864f688c25f67c"
"md","network-error-monitor","tea","tea/bmad-testarch-nfr/resources/knowledge/network-error-monitor.md","4c517d05583bac0fb4b92413b4daee814c87de37ca41f39149864f688c25f67c"
"md","network-error-monitor","tea","tea/bmad-testarch-test-design/resources/knowledge/network-error-monitor.md","4c517d05583bac0fb4b92413b4daee814c87de37ca41f39149864f688c25f67c"
"md","network-error-monitor","tea","tea/bmad-testarch-test-review/resources/knowledge/network-error-monitor.md","4c517d05583bac0fb4b92413b4daee814c87de37ca41f39149864f688c25f67c"
"md","network-error-monitor","tea","tea/bmad-testarch-trace/resources/knowledge/network-error-monitor.md","4c517d05583bac0fb4b92413b4daee814c87de37ca41f39149864f688c25f67c"
"md","network-first","tea","tea/bmad-tea/resources/knowledge/network-first.md","257fe61ec77020d024f7ddf4f6c5c965f6c4632a469d942278c7337abc8621b7"
"md","network-first","tea","tea/bmad-testarch-atdd/resources/knowledge/network-first.md","257fe61ec77020d024f7ddf4f6c5c965f6c4632a469d942278c7337abc8621b7"
"md","network-first","tea","tea/bmad-testarch-automate/resources/knowledge/network-first.md","257fe61ec77020d024f7ddf4f6c5c965f6c4632a469d942278c7337abc8621b7"
"md","network-first","tea","tea/bmad-testarch-ci/resources/knowledge/network-first.md","257fe61ec77020d024f7ddf4f6c5c965f6c4632a469d942278c7337abc8621b7"
"md","network-first","tea","tea/bmad-testarch-framework/resources/knowledge/network-first.md","257fe61ec77020d024f7ddf4f6c5c965f6c4632a469d942278c7337abc8621b7"
"md","network-first","tea","tea/bmad-testarch-nfr/resources/knowledge/network-first.md","257fe61ec77020d024f7ddf4f6c5c965f6c4632a469d942278c7337abc8621b7"
"md","network-first","tea","tea/bmad-testarch-test-design/resources/knowledge/network-first.md","257fe61ec77020d024f7ddf4f6c5c965f6c4632a469d942278c7337abc8621b7"
"md","network-first","tea","tea/bmad-testarch-test-review/resources/knowledge/network-first.md","257fe61ec77020d024f7ddf4f6c5c965f6c4632a469d942278c7337abc8621b7"
"md","network-first","tea","tea/bmad-testarch-trace/resources/knowledge/network-first.md","257fe61ec77020d024f7ddf4f6c5c965f6c4632a469d942278c7337abc8621b7"
"md","network-recorder","tea","tea/bmad-tea/resources/knowledge/network-recorder.md","d0ae003638655c8f26a36bbccc06bf362302116979ea88c1c15e89753714c059"
"md","network-recorder","tea","tea/bmad-testarch-atdd/resources/knowledge/network-recorder.md","d0ae003638655c8f26a36bbccc06bf362302116979ea88c1c15e89753714c059"
"md","network-recorder","tea","tea/bmad-testarch-automate/resources/knowledge/network-recorder.md","d0ae003638655c8f26a36bbccc06bf362302116979ea88c1c15e89753714c059"
"md","network-recorder","tea","tea/bmad-testarch-ci/resources/knowledge/network-recorder.md","d0ae003638655c8f26a36bbccc06bf362302116979ea88c1c15e89753714c059"
"md","network-recorder","tea","tea/bmad-testarch-framework/resources/knowledge/network-recorder.md","d0ae003638655c8f26a36bbccc06bf362302116979ea88c1c15e89753714c059"
"md","network-recorder","tea","tea/bmad-testarch-nfr/resources/knowledge/network-recorder.md","d0ae003638655c8f26a36bbccc06bf362302116979ea88c1c15e89753714c059"
"md","network-recorder","tea","tea/bmad-testarch-test-design/resources/knowledge/network-recorder.md","d0ae003638655c8f26a36bbccc06bf362302116979ea88c1c15e89753714c059"
"md","network-recorder","tea","tea/bmad-testarch-test-review/resources/knowledge/network-recorder.md","d0ae003638655c8f26a36bbccc06bf362302116979ea88c1c15e89753714c059"
"md","network-recorder","tea","tea/bmad-testarch-trace/resources/knowledge/network-recorder.md","d0ae003638655c8f26a36bbccc06bf362302116979ea88c1c15e89753714c059"
"md","nfr-criteria","tea","tea/bmad-tea/resources/knowledge/nfr-criteria.md","5d5f9acfeb6a98f2ef7ee8707bbac3ab37d9c191c443c1e944dee70cf3f9963a"
"md","nfr-criteria","tea","tea/bmad-testarch-atdd/resources/knowledge/nfr-criteria.md","5d5f9acfeb6a98f2ef7ee8707bbac3ab37d9c191c443c1e944dee70cf3f9963a"
"md","nfr-criteria","tea","tea/bmad-testarch-automate/resources/knowledge/nfr-criteria.md","5d5f9acfeb6a98f2ef7ee8707bbac3ab37d9c191c443c1e944dee70cf3f9963a"
"md","nfr-criteria","tea","tea/bmad-testarch-ci/resources/knowledge/nfr-criteria.md","5d5f9acfeb6a98f2ef7ee8707bbac3ab37d9c191c443c1e944dee70cf3f9963a"
"md","nfr-criteria","tea","tea/bmad-testarch-framework/resources/knowledge/nfr-criteria.md","5d5f9acfeb6a98f2ef7ee8707bbac3ab37d9c191c443c1e944dee70cf3f9963a"
"md","nfr-criteria","tea","tea/bmad-testarch-nfr/resources/knowledge/nfr-criteria.md","5d5f9acfeb6a98f2ef7ee8707bbac3ab37d9c191c443c1e944dee70cf3f9963a"
"md","nfr-criteria","tea","tea/bmad-testarch-test-design/resources/knowledge/nfr-criteria.md","5d5f9acfeb6a98f2ef7ee8707bbac3ab37d9c191c443c1e944dee70cf3f9963a"
"md","nfr-criteria","tea","tea/bmad-testarch-test-review/resources/knowledge/nfr-criteria.md","5d5f9acfeb6a98f2ef7ee8707bbac3ab37d9c191c443c1e944dee70cf3f9963a"
"md","nfr-criteria","tea","tea/bmad-testarch-trace/resources/knowledge/nfr-criteria.md","5d5f9acfeb6a98f2ef7ee8707bbac3ab37d9c191c443c1e944dee70cf3f9963a"
"md","nfr-report-template","tea","tea/bmad-testarch-nfr/nfr-report-template.md","2ea61f39299a1c8a52e053721f57deb0bd054bd6e75c6e21fe9d2b5c5f4d21ec"
"md","overview","tea","tea/bmad-tea/resources/knowledge/overview.md","dfd5bd12b7dd4a347d01fc659745aafd192c0b2e5fd9ec6424f0035355a82aae"
"md","overview","tea","tea/bmad-testarch-atdd/resources/knowledge/overview.md","dfd5bd12b7dd4a347d01fc659745aafd192c0b2e5fd9ec6424f0035355a82aae"
"md","overview","tea","tea/bmad-testarch-automate/resources/knowledge/overview.md","dfd5bd12b7dd4a347d01fc659745aafd192c0b2e5fd9ec6424f0035355a82aae"
"md","overview","tea","tea/bmad-testarch-ci/resources/knowledge/overview.md","dfd5bd12b7dd4a347d01fc659745aafd192c0b2e5fd9ec6424f0035355a82aae"
"md","overview","tea","tea/bmad-testarch-framework/resources/knowledge/overview.md","dfd5bd12b7dd4a347d01fc659745aafd192c0b2e5fd9ec6424f0035355a82aae"
"md","overview","tea","tea/bmad-testarch-nfr/resources/knowledge/overview.md","dfd5bd12b7dd4a347d01fc659745aafd192c0b2e5fd9ec6424f0035355a82aae"
"md","overview","tea","tea/bmad-testarch-test-design/resources/knowledge/overview.md","dfd5bd12b7dd4a347d01fc659745aafd192c0b2e5fd9ec6424f0035355a82aae"
"md","overview","tea","tea/bmad-testarch-test-review/resources/knowledge/overview.md","dfd5bd12b7dd4a347d01fc659745aafd192c0b2e5fd9ec6424f0035355a82aae"
"md","overview","tea","tea/bmad-testarch-trace/resources/knowledge/overview.md","dfd5bd12b7dd4a347d01fc659745aafd192c0b2e5fd9ec6424f0035355a82aae"
"md","pact-broker-webhooks","tea","tea/bmad-tea/resources/knowledge/pact-broker-webhooks.md","eee43243540a9739a9784e5c17f421e0d3a274c5914fcc8d886be63e19ae7649"
"md","pact-broker-webhooks","tea","tea/bmad-testarch-atdd/resources/knowledge/pact-broker-webhooks.md","eee43243540a9739a9784e5c17f421e0d3a274c5914fcc8d886be63e19ae7649"
"md","pact-broker-webhooks","tea","tea/bmad-testarch-automate/resources/knowledge/pact-broker-webhooks.md","eee43243540a9739a9784e5c17f421e0d3a274c5914fcc8d886be63e19ae7649"
"md","pact-broker-webhooks","tea","tea/bmad-testarch-ci/resources/knowledge/pact-broker-webhooks.md","eee43243540a9739a9784e5c17f421e0d3a274c5914fcc8d886be63e19ae7649"
"md","pact-broker-webhooks","tea","tea/bmad-testarch-framework/resources/knowledge/pact-broker-webhooks.md","eee43243540a9739a9784e5c17f421e0d3a274c5914fcc8d886be63e19ae7649"
"md","pact-broker-webhooks","tea","tea/bmad-testarch-nfr/resources/knowledge/pact-broker-webhooks.md","eee43243540a9739a9784e5c17f421e0d3a274c5914fcc8d886be63e19ae7649"
"md","pact-broker-webhooks","tea","tea/bmad-testarch-test-design/resources/knowledge/pact-broker-webhooks.md","eee43243540a9739a9784e5c17f421e0d3a274c5914fcc8d886be63e19ae7649"
"md","pact-broker-webhooks","tea","tea/bmad-testarch-test-review/resources/knowledge/pact-broker-webhooks.md","eee43243540a9739a9784e5c17f421e0d3a274c5914fcc8d886be63e19ae7649"
"md","pact-broker-webhooks","tea","tea/bmad-testarch-trace/resources/knowledge/pact-broker-webhooks.md","eee43243540a9739a9784e5c17f421e0d3a274c5914fcc8d886be63e19ae7649"
"md","pact-consumer-di","tea","tea/bmad-tea/resources/knowledge/pact-consumer-di.md","0ee1edcedb2c145885dbc0bc7504187bfc1679ceedee84e0d650e7dbd32cf06d"
"md","pact-consumer-di","tea","tea/bmad-testarch-atdd/resources/knowledge/pact-consumer-di.md","0ee1edcedb2c145885dbc0bc7504187bfc1679ceedee84e0d650e7dbd32cf06d"
"md","pact-consumer-di","tea","tea/bmad-testarch-automate/resources/knowledge/pact-consumer-di.md","0ee1edcedb2c145885dbc0bc7504187bfc1679ceedee84e0d650e7dbd32cf06d"
"md","pact-consumer-di","tea","tea/bmad-testarch-ci/resources/knowledge/pact-consumer-di.md","0ee1edcedb2c145885dbc0bc7504187bfc1679ceedee84e0d650e7dbd32cf06d"
"md","pact-consumer-di","tea","tea/bmad-testarch-framework/resources/knowledge/pact-consumer-di.md","0ee1edcedb2c145885dbc0bc7504187bfc1679ceedee84e0d650e7dbd32cf06d"
"md","pact-consumer-di","tea","tea/bmad-testarch-nfr/resources/knowledge/pact-consumer-di.md","0ee1edcedb2c145885dbc0bc7504187bfc1679ceedee84e0d650e7dbd32cf06d"
"md","pact-consumer-di","tea","tea/bmad-testarch-test-design/resources/knowledge/pact-consumer-di.md","0ee1edcedb2c145885dbc0bc7504187bfc1679ceedee84e0d650e7dbd32cf06d"
"md","pact-consumer-di","tea","tea/bmad-testarch-test-review/resources/knowledge/pact-consumer-di.md","0ee1edcedb2c145885dbc0bc7504187bfc1679ceedee84e0d650e7dbd32cf06d"
"md","pact-consumer-di","tea","tea/bmad-testarch-trace/resources/knowledge/pact-consumer-di.md","0ee1edcedb2c145885dbc0bc7504187bfc1679ceedee84e0d650e7dbd32cf06d"
"md","pact-consumer-framework-setup","tea","tea/bmad-tea/resources/knowledge/pact-consumer-framework-setup.md","5d5eb887871726c9b8355ca237d7eeeeee283a26ca4af3a6dca26c8c561080e8"
"md","pact-consumer-framework-setup","tea","tea/bmad-testarch-atdd/resources/knowledge/pact-consumer-framework-setup.md","3a0e86108bcf56c9abc81ded7a2de4f3c9e274ab9cd8813a33ed229e833b76f9"
"md","pact-consumer-framework-setup","tea","tea/bmad-testarch-automate/resources/knowledge/pact-consumer-framework-setup.md","3a0e86108bcf56c9abc81ded7a2de4f3c9e274ab9cd8813a33ed229e833b76f9"
"md","pact-consumer-framework-setup","tea","tea/bmad-testarch-ci/resources/knowledge/pact-consumer-framework-setup.md","3a0e86108bcf56c9abc81ded7a2de4f3c9e274ab9cd8813a33ed229e833b76f9"
"md","pact-consumer-framework-setup","tea","tea/bmad-testarch-framework/resources/knowledge/pact-consumer-framework-setup.md","3a0e86108bcf56c9abc81ded7a2de4f3c9e274ab9cd8813a33ed229e833b76f9"
"md","pact-consumer-framework-setup","tea","tea/bmad-testarch-nfr/resources/knowledge/pact-consumer-framework-setup.md","3a0e86108bcf56c9abc81ded7a2de4f3c9e274ab9cd8813a33ed229e833b76f9"
"md","pact-consumer-framework-setup","tea","tea/bmad-testarch-test-design/resources/knowledge/pact-consumer-framework-setup.md","3a0e86108bcf56c9abc81ded7a2de4f3c9e274ab9cd8813a33ed229e833b76f9"
"md","pact-consumer-framework-setup","tea","tea/bmad-testarch-test-review/resources/knowledge/pact-consumer-framework-setup.md","3a0e86108bcf56c9abc81ded7a2de4f3c9e274ab9cd8813a33ed229e833b76f9"
"md","pact-consumer-framework-setup","tea","tea/bmad-testarch-trace/resources/knowledge/pact-consumer-framework-setup.md","3a0e86108bcf56c9abc81ded7a2de4f3c9e274ab9cd8813a33ed229e833b76f9"
"md","pact-mcp","tea","tea/bmad-tea/resources/knowledge/pact-mcp.md","048c4471c2fd193e021f7ab23e6bdb7f2fe31c31e4bda0d3ce5e611881db2f70"
"md","pact-mcp","tea","tea/bmad-testarch-atdd/resources/knowledge/pact-mcp.md","048c4471c2fd193e021f7ab23e6bdb7f2fe31c31e4bda0d3ce5e611881db2f70"
"md","pact-mcp","tea","tea/bmad-testarch-automate/resources/knowledge/pact-mcp.md","048c4471c2fd193e021f7ab23e6bdb7f2fe31c31e4bda0d3ce5e611881db2f70"
"md","pact-mcp","tea","tea/bmad-testarch-ci/resources/knowledge/pact-mcp.md","048c4471c2fd193e021f7ab23e6bdb7f2fe31c31e4bda0d3ce5e611881db2f70"
"md","pact-mcp","tea","tea/bmad-testarch-framework/resources/knowledge/pact-mcp.md","048c4471c2fd193e021f7ab23e6bdb7f2fe31c31e4bda0d3ce5e611881db2f70"
"md","pact-mcp","tea","tea/bmad-testarch-nfr/resources/knowledge/pact-mcp.md","048c4471c2fd193e021f7ab23e6bdb7f2fe31c31e4bda0d3ce5e611881db2f70"
"md","pact-mcp","tea","tea/bmad-testarch-test-design/resources/knowledge/pact-mcp.md","048c4471c2fd193e021f7ab23e6bdb7f2fe31c31e4bda0d3ce5e611881db2f70"
"md","pact-mcp","tea","tea/bmad-testarch-test-review/resources/knowledge/pact-mcp.md","048c4471c2fd193e021f7ab23e6bdb7f2fe31c31e4bda0d3ce5e611881db2f70"
"md","pact-mcp","tea","tea/bmad-testarch-trace/resources/knowledge/pact-mcp.md","048c4471c2fd193e021f7ab23e6bdb7f2fe31c31e4bda0d3ce5e611881db2f70"
"md","pactjs-utils-consumer-helpers","tea","tea/bmad-tea/resources/knowledge/pactjs-utils-consumer-helpers.md","783db7ee41bed4e0c7c2036b3c14096c3af2b8088a304ef8496c07848ad47738"
"md","pactjs-utils-consumer-helpers","tea","tea/bmad-testarch-atdd/resources/knowledge/pactjs-utils-consumer-helpers.md","06f356c14c2b827305b69de083c92c9a502e099fa926fbf4e7d5018144109b69"
"md","pactjs-utils-consumer-helpers","tea","tea/bmad-testarch-automate/resources/knowledge/pactjs-utils-consumer-helpers.md","06f356c14c2b827305b69de083c92c9a502e099fa926fbf4e7d5018144109b69"
"md","pactjs-utils-consumer-helpers","tea","tea/bmad-testarch-ci/resources/knowledge/pactjs-utils-consumer-helpers.md","06f356c14c2b827305b69de083c92c9a502e099fa926fbf4e7d5018144109b69"
"md","pactjs-utils-consumer-helpers","tea","tea/bmad-testarch-framework/resources/knowledge/pactjs-utils-consumer-helpers.md","06f356c14c2b827305b69de083c92c9a502e099fa926fbf4e7d5018144109b69"
"md","pactjs-utils-consumer-helpers","tea","tea/bmad-testarch-nfr/resources/knowledge/pactjs-utils-consumer-helpers.md","06f356c14c2b827305b69de083c92c9a502e099fa926fbf4e7d5018144109b69"
"md","pactjs-utils-consumer-helpers","tea","tea/bmad-testarch-test-design/resources/knowledge/pactjs-utils-consumer-helpers.md","06f356c14c2b827305b69de083c92c9a502e099fa926fbf4e7d5018144109b69"
"md","pactjs-utils-consumer-helpers","tea","tea/bmad-testarch-test-review/resources/knowledge/pactjs-utils-consumer-helpers.md","06f356c14c2b827305b69de083c92c9a502e099fa926fbf4e7d5018144109b69"
"md","pactjs-utils-consumer-helpers","tea","tea/bmad-testarch-trace/resources/knowledge/pactjs-utils-consumer-helpers.md","06f356c14c2b827305b69de083c92c9a502e099fa926fbf4e7d5018144109b69"
"md","pactjs-utils-overview","tea","tea/bmad-tea/resources/knowledge/pactjs-utils-overview.md","0434f113edb30af7363332111c356feaf264049d33407f0f91a8e449522d4e73"
"md","pactjs-utils-overview","tea","tea/bmad-testarch-atdd/resources/knowledge/pactjs-utils-overview.md","0434f113edb30af7363332111c356feaf264049d33407f0f91a8e449522d4e73"
"md","pactjs-utils-overview","tea","tea/bmad-testarch-automate/resources/knowledge/pactjs-utils-overview.md","63ca7cd096c73cd59842ee5d67956077369bc3696530d954931612b561606a1c"
"md","pactjs-utils-overview","tea","tea/bmad-testarch-ci/resources/knowledge/pactjs-utils-overview.md","63ca7cd096c73cd59842ee5d67956077369bc3696530d954931612b561606a1c"
"md","pactjs-utils-overview","tea","tea/bmad-testarch-framework/resources/knowledge/pactjs-utils-overview.md","63ca7cd096c73cd59842ee5d67956077369bc3696530d954931612b561606a1c"
"md","pactjs-utils-overview","tea","tea/bmad-testarch-nfr/resources/knowledge/pactjs-utils-overview.md","63ca7cd096c73cd59842ee5d67956077369bc3696530d954931612b561606a1c"
"md","pactjs-utils-overview","tea","tea/bmad-testarch-test-design/resources/knowledge/pactjs-utils-overview.md","63ca7cd096c73cd59842ee5d67956077369bc3696530d954931612b561606a1c"
"md","pactjs-utils-overview","tea","tea/bmad-testarch-test-review/resources/knowledge/pactjs-utils-overview.md","63ca7cd096c73cd59842ee5d67956077369bc3696530d954931612b561606a1c"
"md","pactjs-utils-overview","tea","tea/bmad-testarch-trace/resources/knowledge/pactjs-utils-overview.md","63ca7cd096c73cd59842ee5d67956077369bc3696530d954931612b561606a1c"
"md","pactjs-utils-provider-verifier","tea","tea/bmad-tea/resources/knowledge/pactjs-utils-provider-verifier.md","46c69775e24e210a8a5cce4ac0734cd6c0189b84dbdd2c6487e70ba097489600"
"md","pactjs-utils-provider-verifier","tea","tea/bmad-testarch-atdd/resources/knowledge/pactjs-utils-provider-verifier.md","bf41aa4356fa7b8cd272b57af3bd2a9c5f8d3553c527e97c949c488f96485552"
"md","pactjs-utils-provider-verifier","tea","tea/bmad-testarch-automate/resources/knowledge/pactjs-utils-provider-verifier.md","bf41aa4356fa7b8cd272b57af3bd2a9c5f8d3553c527e97c949c488f96485552"
"md","pactjs-utils-provider-verifier","tea","tea/bmad-testarch-ci/resources/knowledge/pactjs-utils-provider-verifier.md","bf41aa4356fa7b8cd272b57af3bd2a9c5f8d3553c527e97c949c488f96485552"
"md","pactjs-utils-provider-verifier","tea","tea/bmad-testarch-framework/resources/knowledge/pactjs-utils-provider-verifier.md","bf41aa4356fa7b8cd272b57af3bd2a9c5f8d3553c527e97c949c488f96485552"
"md","pactjs-utils-provider-verifier","tea","tea/bmad-testarch-nfr/resources/knowledge/pactjs-utils-provider-verifier.md","bf41aa4356fa7b8cd272b57af3bd2a9c5f8d3553c527e97c949c488f96485552"
"md","pactjs-utils-provider-verifier","tea","tea/bmad-testarch-test-design/resources/knowledge/pactjs-utils-provider-verifier.md","bf41aa4356fa7b8cd272b57af3bd2a9c5f8d3553c527e97c949c488f96485552"
"md","pactjs-utils-provider-verifier","tea","tea/bmad-testarch-test-review/resources/knowledge/pactjs-utils-provider-verifier.md","bf41aa4356fa7b8cd272b57af3bd2a9c5f8d3553c527e97c949c488f96485552"
"md","pactjs-utils-provider-verifier","tea","tea/bmad-testarch-trace/resources/knowledge/pactjs-utils-provider-verifier.md","bf41aa4356fa7b8cd272b57af3bd2a9c5f8d3553c527e97c949c488f96485552"
"md","pactjs-utils-request-filter","tea","tea/bmad-tea/resources/knowledge/pactjs-utils-request-filter.md","1312867725f49fe8ff9a136a90dc82becdab345d724a568a7f50abba31ee8f7c"
"md","pactjs-utils-request-filter","tea","tea/bmad-testarch-atdd/resources/knowledge/pactjs-utils-request-filter.md","1312867725f49fe8ff9a136a90dc82becdab345d724a568a7f50abba31ee8f7c"
"md","pactjs-utils-request-filter","tea","tea/bmad-testarch-automate/resources/knowledge/pactjs-utils-request-filter.md","1312867725f49fe8ff9a136a90dc82becdab345d724a568a7f50abba31ee8f7c"
"md","pactjs-utils-request-filter","tea","tea/bmad-testarch-ci/resources/knowledge/pactjs-utils-request-filter.md","1312867725f49fe8ff9a136a90dc82becdab345d724a568a7f50abba31ee8f7c"
"md","pactjs-utils-request-filter","tea","tea/bmad-testarch-framework/resources/knowledge/pactjs-utils-request-filter.md","1312867725f49fe8ff9a136a90dc82becdab345d724a568a7f50abba31ee8f7c"
"md","pactjs-utils-request-filter","tea","tea/bmad-testarch-nfr/resources/knowledge/pactjs-utils-request-filter.md","1312867725f49fe8ff9a136a90dc82becdab345d724a568a7f50abba31ee8f7c"
"md","pactjs-utils-request-filter","tea","tea/bmad-testarch-test-design/resources/knowledge/pactjs-utils-request-filter.md","1312867725f49fe8ff9a136a90dc82becdab345d724a568a7f50abba31ee8f7c"
"md","pactjs-utils-request-filter","tea","tea/bmad-testarch-test-review/resources/knowledge/pactjs-utils-request-filter.md","1312867725f49fe8ff9a136a90dc82becdab345d724a568a7f50abba31ee8f7c"
"md","pactjs-utils-request-filter","tea","tea/bmad-testarch-trace/resources/knowledge/pactjs-utils-request-filter.md","1312867725f49fe8ff9a136a90dc82becdab345d724a568a7f50abba31ee8f7c"
"md","pactjs-utils-zod-to-pact","tea","tea/bmad-tea/resources/knowledge/pactjs-utils-zod-to-pact.md","eb9209b883ebff82bb0ae5a0a2711796d6b32a543b9707f6b2ef936caf4ffb59"
"md","pactjs-utils-zod-to-pact","tea","tea/bmad-testarch-atdd/resources/knowledge/pactjs-utils-zod-to-pact.md","eb9209b883ebff82bb0ae5a0a2711796d6b32a543b9707f6b2ef936caf4ffb59"
"md","playwright-cli","tea","tea/bmad-tea/resources/knowledge/playwright-cli.md","d52e02c0a7d8f126e87bbf0966beaa7f8715da423587b0e9a57dfe72bd445545"
"md","playwright-cli","tea","tea/bmad-testarch-atdd/resources/knowledge/playwright-cli.md","d52e02c0a7d8f126e87bbf0966beaa7f8715da423587b0e9a57dfe72bd445545"
"md","playwright-cli","tea","tea/bmad-testarch-automate/resources/knowledge/playwright-cli.md","d52e02c0a7d8f126e87bbf0966beaa7f8715da423587b0e9a57dfe72bd445545"
"md","playwright-cli","tea","tea/bmad-testarch-ci/resources/knowledge/playwright-cli.md","d52e02c0a7d8f126e87bbf0966beaa7f8715da423587b0e9a57dfe72bd445545"
"md","playwright-cli","tea","tea/bmad-testarch-framework/resources/knowledge/playwright-cli.md","d52e02c0a7d8f126e87bbf0966beaa7f8715da423587b0e9a57dfe72bd445545"
"md","playwright-cli","tea","tea/bmad-testarch-nfr/resources/knowledge/playwright-cli.md","d52e02c0a7d8f126e87bbf0966beaa7f8715da423587b0e9a57dfe72bd445545"
"md","playwright-cli","tea","tea/bmad-testarch-test-design/resources/knowledge/playwright-cli.md","d52e02c0a7d8f126e87bbf0966beaa7f8715da423587b0e9a57dfe72bd445545"
"md","playwright-cli","tea","tea/bmad-testarch-test-review/resources/knowledge/playwright-cli.md","d52e02c0a7d8f126e87bbf0966beaa7f8715da423587b0e9a57dfe72bd445545"
"md","playwright-cli","tea","tea/bmad-testarch-trace/resources/knowledge/playwright-cli.md","d52e02c0a7d8f126e87bbf0966beaa7f8715da423587b0e9a57dfe72bd445545"
"md","playwright-config","tea","tea/bmad-tea/resources/knowledge/playwright-config.md","91edb2ea58042a406ec3a55ca07f3af4a11e3329f5d19ed66a9175d61a8f9e5f"
"md","playwright-config","tea","tea/bmad-testarch-atdd/resources/knowledge/playwright-config.md","91edb2ea58042a406ec3a55ca07f3af4a11e3329f5d19ed66a9175d61a8f9e5f"
"md","playwright-config","tea","tea/bmad-testarch-automate/resources/knowledge/playwright-config.md","91edb2ea58042a406ec3a55ca07f3af4a11e3329f5d19ed66a9175d61a8f9e5f"
"md","playwright-config","tea","tea/bmad-testarch-ci/resources/knowledge/playwright-config.md","91edb2ea58042a406ec3a55ca07f3af4a11e3329f5d19ed66a9175d61a8f9e5f"
"md","playwright-config","tea","tea/bmad-testarch-framework/resources/knowledge/playwright-config.md","91edb2ea58042a406ec3a55ca07f3af4a11e3329f5d19ed66a9175d61a8f9e5f"
"md","playwright-config","tea","tea/bmad-testarch-nfr/resources/knowledge/playwright-config.md","91edb2ea58042a406ec3a55ca07f3af4a11e3329f5d19ed66a9175d61a8f9e5f"
"md","playwright-config","tea","tea/bmad-testarch-test-design/resources/knowledge/playwright-config.md","91edb2ea58042a406ec3a55ca07f3af4a11e3329f5d19ed66a9175d61a8f9e5f"
"md","playwright-config","tea","tea/bmad-testarch-test-review/resources/knowledge/playwright-config.md","91edb2ea58042a406ec3a55ca07f3af4a11e3329f5d19ed66a9175d61a8f9e5f"
"md","playwright-config","tea","tea/bmad-testarch-trace/resources/knowledge/playwright-config.md","91edb2ea58042a406ec3a55ca07f3af4a11e3329f5d19ed66a9175d61a8f9e5f"
"md","probability-impact","tea","tea/bmad-tea/resources/knowledge/probability-impact.md","c582f4e681758b8c84ca2de003aa7133913326ac2c398b6c0e802914919b8333"
"md","probability-impact","tea","tea/bmad-testarch-atdd/resources/knowledge/probability-impact.md","c582f4e681758b8c84ca2de003aa7133913326ac2c398b6c0e802914919b8333"
"md","probability-impact","tea","tea/bmad-testarch-automate/resources/knowledge/probability-impact.md","c582f4e681758b8c84ca2de003aa7133913326ac2c398b6c0e802914919b8333"
"md","probability-impact","tea","tea/bmad-testarch-ci/resources/knowledge/probability-impact.md","c582f4e681758b8c84ca2de003aa7133913326ac2c398b6c0e802914919b8333"
"md","probability-impact","tea","tea/bmad-testarch-framework/resources/knowledge/probability-impact.md","c582f4e681758b8c84ca2de003aa7133913326ac2c398b6c0e802914919b8333"
"md","probability-impact","tea","tea/bmad-testarch-nfr/resources/knowledge/probability-impact.md","c582f4e681758b8c84ca2de003aa7133913326ac2c398b6c0e802914919b8333"
"md","probability-impact","tea","tea/bmad-testarch-test-design/resources/knowledge/probability-impact.md","c582f4e681758b8c84ca2de003aa7133913326ac2c398b6c0e802914919b8333"
"md","probability-impact","tea","tea/bmad-testarch-test-review/resources/knowledge/probability-impact.md","c582f4e681758b8c84ca2de003aa7133913326ac2c398b6c0e802914919b8333"
"md","probability-impact","tea","tea/bmad-testarch-trace/resources/knowledge/probability-impact.md","c582f4e681758b8c84ca2de003aa7133913326ac2c398b6c0e802914919b8333"
"md","recurse","tea","tea/bmad-tea/resources/knowledge/recurse.md","758e81e7d8feb48c707fba65dade45d9bb93afc06d35ec54469af2af62980960"
"md","recurse","tea","tea/bmad-testarch-atdd/resources/knowledge/recurse.md","758e81e7d8feb48c707fba65dade45d9bb93afc06d35ec54469af2af62980960"
"md","recurse","tea","tea/bmad-testarch-automate/resources/knowledge/recurse.md","758e81e7d8feb48c707fba65dade45d9bb93afc06d35ec54469af2af62980960"
"md","recurse","tea","tea/bmad-testarch-ci/resources/knowledge/recurse.md","758e81e7d8feb48c707fba65dade45d9bb93afc06d35ec54469af2af62980960"
"md","recurse","tea","tea/bmad-testarch-framework/resources/knowledge/recurse.md","758e81e7d8feb48c707fba65dade45d9bb93afc06d35ec54469af2af62980960"
"md","recurse","tea","tea/bmad-testarch-nfr/resources/knowledge/recurse.md","758e81e7d8feb48c707fba65dade45d9bb93afc06d35ec54469af2af62980960"
"md","recurse","tea","tea/bmad-testarch-test-design/resources/knowledge/recurse.md","758e81e7d8feb48c707fba65dade45d9bb93afc06d35ec54469af2af62980960"
"md","recurse","tea","tea/bmad-testarch-test-review/resources/knowledge/recurse.md","758e81e7d8feb48c707fba65dade45d9bb93afc06d35ec54469af2af62980960"
"md","recurse","tea","tea/bmad-testarch-trace/resources/knowledge/recurse.md","758e81e7d8feb48c707fba65dade45d9bb93afc06d35ec54469af2af62980960"
"md","risk-governance","tea","tea/bmad-tea/resources/knowledge/risk-governance.md","a290f259585eee2e0076bc6f14685acbbe6a6595b280a12bc6465797ec9e3592"
"md","risk-governance","tea","tea/bmad-testarch-atdd/resources/knowledge/risk-governance.md","a290f259585eee2e0076bc6f14685acbbe6a6595b280a12bc6465797ec9e3592"
"md","risk-governance","tea","tea/bmad-testarch-automate/resources/knowledge/risk-governance.md","a290f259585eee2e0076bc6f14685acbbe6a6595b280a12bc6465797ec9e3592"
"md","risk-governance","tea","tea/bmad-testarch-ci/resources/knowledge/risk-governance.md","a290f259585eee2e0076bc6f14685acbbe6a6595b280a12bc6465797ec9e3592"
"md","risk-governance","tea","tea/bmad-testarch-framework/resources/knowledge/risk-governance.md","a290f259585eee2e0076bc6f14685acbbe6a6595b280a12bc6465797ec9e3592"
"md","risk-governance","tea","tea/bmad-testarch-nfr/resources/knowledge/risk-governance.md","a290f259585eee2e0076bc6f14685acbbe6a6595b280a12bc6465797ec9e3592"
"md","risk-governance","tea","tea/bmad-testarch-test-design/resources/knowledge/risk-governance.md","a290f259585eee2e0076bc6f14685acbbe6a6595b280a12bc6465797ec9e3592"
"md","risk-governance","tea","tea/bmad-testarch-test-review/resources/knowledge/risk-governance.md","a290f259585eee2e0076bc6f14685acbbe6a6595b280a12bc6465797ec9e3592"
"md","risk-governance","tea","tea/bmad-testarch-trace/resources/knowledge/risk-governance.md","a290f259585eee2e0076bc6f14685acbbe6a6595b280a12bc6465797ec9e3592"
"md","selective-testing","tea","tea/bmad-tea/resources/knowledge/selective-testing.md","16846e37e52116f2c8fb7b928cd1a36ecd5de308a97e22b7b71bf6012720cc19"
"md","selective-testing","tea","tea/bmad-testarch-atdd/resources/knowledge/selective-testing.md","16846e37e52116f2c8fb7b928cd1a36ecd5de308a97e22b7b71bf6012720cc19"
"md","selective-testing","tea","tea/bmad-testarch-automate/resources/knowledge/selective-testing.md","16846e37e52116f2c8fb7b928cd1a36ecd5de308a97e22b7b71bf6012720cc19"
"md","selective-testing","tea","tea/bmad-testarch-ci/resources/knowledge/selective-testing.md","16846e37e52116f2c8fb7b928cd1a36ecd5de308a97e22b7b71bf6012720cc19"
"md","selective-testing","tea","tea/bmad-testarch-framework/resources/knowledge/selective-testing.md","16846e37e52116f2c8fb7b928cd1a36ecd5de308a97e22b7b71bf6012720cc19"
"md","selective-testing","tea","tea/bmad-testarch-nfr/resources/knowledge/selective-testing.md","16846e37e52116f2c8fb7b928cd1a36ecd5de308a97e22b7b71bf6012720cc19"
"md","selective-testing","tea","tea/bmad-testarch-test-design/resources/knowledge/selective-testing.md","16846e37e52116f2c8fb7b928cd1a36ecd5de308a97e22b7b71bf6012720cc19"
"md","selective-testing","tea","tea/bmad-testarch-test-review/resources/knowledge/selective-testing.md","16846e37e52116f2c8fb7b928cd1a36ecd5de308a97e22b7b71bf6012720cc19"
"md","selective-testing","tea","tea/bmad-testarch-trace/resources/knowledge/selective-testing.md","16846e37e52116f2c8fb7b928cd1a36ecd5de308a97e22b7b71bf6012720cc19"
"md","selector-resilience","tea","tea/bmad-tea/resources/knowledge/selector-resilience.md","27017332dd7d25c86ef39bbf8aec4ace89ee05bed56b6fdae639078c9e725d15"
"md","selector-resilience","tea","tea/bmad-testarch-atdd/resources/knowledge/selector-resilience.md","27017332dd7d25c86ef39bbf8aec4ace89ee05bed56b6fdae639078c9e725d15"
"md","selector-resilience","tea","tea/bmad-testarch-automate/resources/knowledge/selector-resilience.md","27017332dd7d25c86ef39bbf8aec4ace89ee05bed56b6fdae639078c9e725d15"
"md","selector-resilience","tea","tea/bmad-testarch-ci/resources/knowledge/selector-resilience.md","27017332dd7d25c86ef39bbf8aec4ace89ee05bed56b6fdae639078c9e725d15"
"md","selector-resilience","tea","tea/bmad-testarch-framework/resources/knowledge/selector-resilience.md","27017332dd7d25c86ef39bbf8aec4ace89ee05bed56b6fdae639078c9e725d15"
"md","selector-resilience","tea","tea/bmad-testarch-nfr/resources/knowledge/selector-resilience.md","27017332dd7d25c86ef39bbf8aec4ace89ee05bed56b6fdae639078c9e725d15"
"md","selector-resilience","tea","tea/bmad-testarch-test-design/resources/knowledge/selector-resilience.md","27017332dd7d25c86ef39bbf8aec4ace89ee05bed56b6fdae639078c9e725d15"
"md","selector-resilience","tea","tea/bmad-testarch-test-review/resources/knowledge/selector-resilience.md","27017332dd7d25c86ef39bbf8aec4ace89ee05bed56b6fdae639078c9e725d15"
"md","selector-resilience","tea","tea/bmad-testarch-trace/resources/knowledge/selector-resilience.md","27017332dd7d25c86ef39bbf8aec4ace89ee05bed56b6fdae639078c9e725d15"
"md","session-notes-template","tea","tea/bmad-teach-me-testing/templates/session-notes-template.md","e22954ab5200bd31dbe4f458746f854fe83a4bdbf848254da71650d6d94e4869"
"md","SKILL","tea","tea/bmad-tea/SKILL.md","dd9cccb3e2fce4b949e949231ab079ddc502fe6f1d417568b4d56d9680ef3038"
"md","SKILL","tea","tea/bmad-testarch-atdd/SKILL.md","7657da40a7762513a9bf31681d882cd3fb60152841071d0b3d28b750fcae538d"
"md","SKILL","tea","tea/bmad-testarch-automate/SKILL.md","a078cd726f7328ce5ed553627ead75a91612a9e56611d9106c06cf45488ba83a"
"md","SKILL","tea","tea/bmad-testarch-ci/SKILL.md","6ba2b38cb51d04ee7b913960e9d62b3ce33d34ba632d52430c7978c73c7232bb"
"md","SKILL","tea","tea/bmad-testarch-framework/SKILL.md","ef4f70e60c00e2850146d31ccb0f9d2056c32ad68126ebc94eabe177b5f9588d"
"md","SKILL","tea","tea/bmad-testarch-nfr/SKILL.md","1081c9d1ec1fdf4dff0241cbcc32dc620edab761ddbdaf0a9484f3587ae6f562"
"md","SKILL","tea","tea/bmad-testarch-test-design/SKILL.md","03b8d88a4c5e21b380a7001b6872536ccdfa66c72d60949e89dee038f9823f57"
"md","SKILL","tea","tea/bmad-testarch-test-review/SKILL.md","abafea284ff25e63b5b6921e74df9d5c493595eef59da2c1aab4285ecedc4cdd"
"md","SKILL","tea","tea/bmad-testarch-trace/SKILL.md","83f58ae81413b183375cce8832d80635ccde1fd1b5d01f305d94b12c8bfe942f"
"md","SKILL","tea","tea/bmad-teach-me-testing/SKILL.md","4d7707c518d6f90fd933a83e38189e7ea76059e78203db37dd9bf85f36c095a3"
"md","step-01-assess","tea","tea/bmad-testarch-atdd/steps-e/step-01-assess.md","dfea102af47853a92e4d363be229e23465239ca6e898a2c00de4d2d8160eaaab"
"md","step-01-assess","tea","tea/bmad-testarch-automate/steps-e/step-01-assess.md","dfea102af47853a92e4d363be229e23465239ca6e898a2c00de4d2d8160eaaab"
"md","step-01-assess","tea","tea/bmad-testarch-ci/steps-e/step-01-assess.md","dfea102af47853a92e4d363be229e23465239ca6e898a2c00de4d2d8160eaaab"
"md","step-01-assess","tea","tea/bmad-testarch-framework/steps-e/step-01-assess.md","dfea102af47853a92e4d363be229e23465239ca6e898a2c00de4d2d8160eaaab"
"md","step-01-assess","tea","tea/bmad-testarch-nfr/steps-e/step-01-assess.md","dfea102af47853a92e4d363be229e23465239ca6e898a2c00de4d2d8160eaaab"
"md","step-01-assess","tea","tea/bmad-testarch-test-design/steps-e/step-01-assess.md","dfea102af47853a92e4d363be229e23465239ca6e898a2c00de4d2d8160eaaab"
"md","step-01-assess","tea","tea/bmad-testarch-test-review/steps-e/step-01-assess.md","dfea102af47853a92e4d363be229e23465239ca6e898a2c00de4d2d8160eaaab"
"md","step-01-assess","tea","tea/bmad-testarch-trace/steps-e/step-01-assess.md","dfea102af47853a92e4d363be229e23465239ca6e898a2c00de4d2d8160eaaab"
"md","step-01-detect-mode","tea","tea/bmad-testarch-test-design/steps-c/step-01-detect-mode.md","e2c9e6b5b46f7d198afd2c330ce16a4f14dd6ebc804714ec43230db1f22a4a0f"
"md","step-01-init","tea","tea/bmad-teach-me-testing/steps-c/step-01-init.md","a116fc19a3c4db621b594082a3887db3c1c62f845a01158722f9ffdf9de547b3"
"md","step-01-load-context","tea","tea/bmad-testarch-nfr/steps-c/step-01-load-context.md","e6d1a6b2ce739b4cc135e077860f007af5e8cecb9a27b2d3522e25e4cf6b8359"
"md","step-01-load-context","tea","tea/bmad-testarch-test-review/steps-c/step-01-load-context.md","adc352297ddd55d6da8e0450885604efba7c9f7583b32e1c3edffaa322cb31c0"
"md","step-01-load-context","tea","tea/bmad-testarch-trace/steps-c/step-01-load-context.md","784d542ea222cab4c451cd968f08ca3d57e747db20a0af499fb9e5141ff9bef0"
"md","step-01-preflight","tea","tea/bmad-testarch-ci/steps-c/step-01-preflight.md","a9fc2ef9fdfffa440e1a247fa70452de210700e6cc6188b4c3a382512b7455cc"
"md","step-01-preflight","tea","tea/bmad-testarch-framework/steps-c/step-01-preflight.md","f519381438d12e4b4f32f68810f8967346e2ce80d6529a3f9a807da82f90fef9"
"md","step-01-preflight-and-context","tea","tea/bmad-testarch-atdd/steps-c/step-01-preflight-and-context.md","e3f322553d8039e6a75602d5f3ddd2ff9d111c7db5be64c354274ac9cfd0c1cf"
"md","step-01-preflight-and-context","tea","tea/bmad-testarch-automate/steps-c/step-01-preflight-and-context.md","a7c711dafdcab5adda01267b49599a86cfbcd49eea4d54545ce74b309487365e"
"md","step-01-validate","tea","tea/bmad-testarch-atdd/steps-v/step-01-validate.md","d2c5c9a67c6aca8cd3af382a161116f67d42e82aba41d8017036142577f8b111"
"md","step-01-validate","tea","tea/bmad-testarch-automate/steps-v/step-01-validate.md","dfd78e60fac731a0b4bf1b1628a9e7929d0df34aa3f9f3784a654de8d054f7c6"
"md","step-01-validate","tea","tea/bmad-testarch-ci/steps-v/step-01-validate.md","07d8b2f090c1c1bee13debd6a568318f1c7bceffda5dcb3389f69f19d7ef5492"
"md","step-01-validate","tea","tea/bmad-testarch-framework/steps-v/step-01-validate.md","7d92562817e7c83132b5a5c2301068eab99d16b1ae03327928e508f402c9e190"
"md","step-01-validate","tea","tea/bmad-testarch-nfr/steps-v/step-01-validate.md","e2169053a1051e589341c0006c7e393b1dba17fe640783bf8a0022269253d54d"
"md","step-01-validate","tea","tea/bmad-testarch-test-design/steps-v/step-01-validate.md","a34d4173adc76a478430e270b805f44acd8a640b549e3779b0fab5169923863c"
"md","step-01-validate","tea","tea/bmad-testarch-test-review/steps-v/step-01-validate.md","cf564d2a15af79ecb11745171045b16f50ea37038f11ef8bab2ea254dadbe73e"
"md","step-01-validate","tea","tea/bmad-testarch-trace/steps-v/step-01-validate.md","c265e65deaf09bc96b3da48bee22d31da8a4cc8793fcea7683d9ff8f1adb3c01"
"md","step-01b-continue","tea","tea/bmad-teach-me-testing/steps-c/step-01b-continue.md","6c2e4b363c3b90100126f8239a160829c1fda5433b0adc3d0609aef990345a53"
"md","step-01b-resume","tea","tea/bmad-testarch-atdd/steps-c/step-01b-resume.md","753cfa840da86784a2cc5eae6403d3924d34be4a1202bc89ec543a3f7bd107fc"
"md","step-01b-resume","tea","tea/bmad-testarch-automate/steps-c/step-01b-resume.md","964342ec321adc0397ddbf51dd3c0e194b406b752d948ae9a115b5898c8b65e9"
"md","step-01b-resume","tea","tea/bmad-testarch-ci/steps-c/step-01b-resume.md","12de739385eaf55e31aaed64b8608324d3c6fd247f22378a630810cbace44798"
"md","step-01b-resume","tea","tea/bmad-testarch-framework/steps-c/step-01b-resume.md","25e2623397b2144f50bd0906186d72117a9c005e75583e0e3968111e3fdaef4b"
"md","step-01b-resume","tea","tea/bmad-testarch-nfr/steps-c/step-01b-resume.md","43f7133fd110c9c8aa3edab7f02a344f08aaa7bcfd70ae8ed9803ff670dabc22"
"md","step-01b-resume","tea","tea/bmad-testarch-test-design/steps-c/step-01b-resume.md","c1a468f26670ab6f1adb180c48e7374e7961d6a4719d35ebed48d4e7bf8bc0ae"
"md","step-01b-resume","tea","tea/bmad-testarch-test-review/steps-c/step-01b-resume.md","9171e8dabce907994fd7181d3fa42364c661b53da3887bb8dc5930cca6534a86"
"md","step-01b-resume","tea","tea/bmad-testarch-trace/steps-c/step-01b-resume.md","c15e15dde9618b24b62d17e9e64c0afaed043d148d969bb492e98c804d6a5e86"
"md","step-02-apply-edit","tea","tea/bmad-testarch-atdd/steps-e/step-02-apply-edit.md","df5e702d1dcb303416dcd5c400ad532b973adca4b0dd07639e3ba7d954ed051e"
"md","step-02-apply-edit","tea","tea/bmad-testarch-automate/steps-e/step-02-apply-edit.md","df5e702d1dcb303416dcd5c400ad532b973adca4b0dd07639e3ba7d954ed051e"
"md","step-02-apply-edit","tea","tea/bmad-testarch-ci/steps-e/step-02-apply-edit.md","df5e702d1dcb303416dcd5c400ad532b973adca4b0dd07639e3ba7d954ed051e"
"md","step-02-apply-edit","tea","tea/bmad-testarch-framework/steps-e/step-02-apply-edit.md","df5e702d1dcb303416dcd5c400ad532b973adca4b0dd07639e3ba7d954ed051e"
"md","step-02-apply-edit","tea","tea/bmad-testarch-nfr/steps-e/step-02-apply-edit.md","df5e702d1dcb303416dcd5c400ad532b973adca4b0dd07639e3ba7d954ed051e"
"md","step-02-apply-edit","tea","tea/bmad-testarch-test-design/steps-e/step-02-apply-edit.md","df5e702d1dcb303416dcd5c400ad532b973adca4b0dd07639e3ba7d954ed051e"
"md","step-02-apply-edit","tea","tea/bmad-testarch-test-review/steps-e/step-02-apply-edit.md","df5e702d1dcb303416dcd5c400ad532b973adca4b0dd07639e3ba7d954ed051e"
"md","step-02-apply-edit","tea","tea/bmad-testarch-trace/steps-e/step-02-apply-edit.md","df5e702d1dcb303416dcd5c400ad532b973adca4b0dd07639e3ba7d954ed051e"
"md","step-02-assess","tea","tea/bmad-teach-me-testing/steps-c/step-02-assess.md","9768a104cc49a1ae2308ede862620e84ca09521fa11eb0448c9303046f24a090"
"md","step-02-define-thresholds","tea","tea/bmad-testarch-nfr/steps-c/step-02-define-thresholds.md","0e187220c04cdbfadcf2af840d0c7a2c08351a3bfc32acfa7bcd8a13ee115e17"
"md","step-02-discover-tests","tea","tea/bmad-testarch-test-review/steps-c/step-02-discover-tests.md","28873df38e41f9014c64ce84735f4833db1d9f64b9ca53fdee04597d27ab7dc2"
"md","step-02-discover-tests","tea","tea/bmad-testarch-trace/steps-c/step-02-discover-tests.md","8a2be579df85b22c1ee4d9805b35c53506bd46a9fd0205781ac8edcd9f62d30c"
"md","step-02-generate-pipeline","tea","tea/bmad-testarch-ci/steps-c/step-02-generate-pipeline.md","8b295b3bb3a902e437760dec7f1c16c56bb36feef839c2f04d03e2dbf2b6a692"
"md","step-02-generation-mode","tea","tea/bmad-testarch-atdd/steps-c/step-02-generation-mode.md","6cfd167682c565cafc2f5f96d835b7441b83d2272ce49c7095652d042c85a782"
"md","step-02-identify-targets","tea","tea/bmad-testarch-automate/steps-c/step-02-identify-targets.md","f8c2cd29e483c4dba6a56122dd2c3f79a5d29bf8df65fe3d0e097a6dfc633d6d"
"md","step-02-load-context","tea","tea/bmad-testarch-test-design/steps-c/step-02-load-context.md","09225c76995698997349a119e8a785745890d9475e7ceb47b609c73a9a8f4328"
"md","step-02-select-framework","tea","tea/bmad-testarch-framework/steps-c/step-02-select-framework.md","c6e63983ce1b24e3bc381ce70ff43928aa91ccb312cf2f983d906ee71618eef3"
"md","step-03-configure-quality-gates","tea","tea/bmad-testarch-ci/steps-c/step-03-configure-quality-gates.md","1992e2930ee0166b13c79fc4f0d70edc95bc2b0c6c038af0c61b551649087124"
"md","step-03-gather-evidence","tea","tea/bmad-testarch-nfr/steps-c/step-03-gather-evidence.md","79f6a480e1262fcae4b313baf52e2968838ecb69f6038f80e018cd8eafe9f4fd"
"md","step-03-generate-tests","tea","tea/bmad-testarch-automate/steps-c/step-03-generate-tests.md","88107804cb5a790a7585ee3b49e638f75888c48d86493f6ea1e193912348e560"
"md","step-03-map-criteria","tea","tea/bmad-testarch-trace/steps-c/step-03-map-criteria.md","b4fdc906237e7b6eefe70109c2a3a3ae2865e5bfcf3e9f73984cd398d41383db"
"md","step-03-quality-evaluation","tea","tea/bmad-testarch-test-review/steps-c/step-03-quality-evaluation.md","9039fa4522ee1c6796bac0f5870314e107b80b697ea50e9c0af44e18bc9fb6ea"
"md","step-03-risk-and-testability","tea","tea/bmad-testarch-test-design/steps-c/step-03-risk-and-testability.md","6fd43db28daf66fee195d40247de48a243e0a34ae239e397a0259638accff122"
"md","step-03-scaffold-framework","tea","tea/bmad-testarch-framework/steps-c/step-03-scaffold-framework.md","55f26d401d01ebd1a7f8ddfb27ec795a203d59c8aafbd4199b33fee0038f8198"
"md","step-03-session-menu","tea","tea/bmad-teach-me-testing/steps-c/step-03-session-menu.md","3925d5c5e315ed88d16d43ab038a9711e8321537352e3cf5b0ebbc1427d1753d"
"md","step-03-test-strategy","tea","tea/bmad-testarch-atdd/steps-c/step-03-test-strategy.md","faa28c2a9f6ea377f3a126f518c69883ba0b0c8c48ff2c1b96b52829e4660c3b"
"md","step-03a-subagent-api","tea","tea/bmad-testarch-automate/steps-c/step-03a-subagent-api.md","f73584ed6e2f6b388add6963a97d154ec2be05a5b8917fb181543743aed2ac24"
"md","step-03a-subagent-determinism","tea","tea/bmad-testarch-test-review/steps-c/step-03a-subagent-determinism.md","2178781407a9d5a36fb930f711aa9b7a5f71dde8e2fb89e8bfd3e1765aa32736"
"md","step-03b-subagent-backend","tea","tea/bmad-testarch-automate/steps-c/step-03b-subagent-backend.md","c3c10bc41e0ce0f29b7fc65ed28dbab8b33c7adc1fde52b5c6959d25f1df4f88"
"md","step-03b-subagent-e2e","tea","tea/bmad-testarch-automate/steps-c/step-03b-subagent-e2e.md","4cdf6b840550905d9347a03f9219e7aef1868618c99e2ccaf8b35c23018298a4"
"md","step-03b-subagent-isolation","tea","tea/bmad-testarch-test-review/steps-c/step-03b-subagent-isolation.md","4e5f9f983ed9d65c613226c451b1cae11e38cabc4b1bffe197ab5bdbd933025a"
"md","step-03c-aggregate","tea","tea/bmad-testarch-automate/steps-c/step-03c-aggregate.md","2e8d7b8de36d551eac38c51c42af63bd82170017de7af6544800830992278b34"
"md","step-03c-subagent-maintainability","tea","tea/bmad-testarch-test-review/steps-c/step-03c-subagent-maintainability.md","98e6da35435a7da19d0e92975c4d3f0e1fd5b99dadeebe318665a2970ae73cd5"
"md","step-03e-subagent-performance","tea","tea/bmad-testarch-test-review/steps-c/step-03e-subagent-performance.md","a17ba4d114757da4457f51536012d153cfc42b76f3a32c54846737698dd46d0b"
"md","step-03f-aggregate-scores","tea","tea/bmad-testarch-test-review/steps-c/step-03f-aggregate-scores.md","4601e4f78d230276a19318bb8e22b02966a286c586ef23f426a7f5fa73cdcc8b"
"md","step-04-analyze-gaps","tea","tea/bmad-testarch-trace/steps-c/step-04-analyze-gaps.md","0bf6c306c9d3c58c4e0ca6040d4b0669f17cc51c7964c991a359b3cddf55d3a3"
"md","step-04-coverage-plan","tea","tea/bmad-testarch-test-design/steps-c/step-04-coverage-plan.md","2aed43167920f8c358336ad8f5e6c4fd2d9690318b89b4a786f74457bcd15234"
"md","step-04-docs-and-scripts","tea","tea/bmad-testarch-framework/steps-c/step-04-docs-and-scripts.md","d312295d6621a4430b7294674c41340e3c23144c1ea0b7d8714b937c7b61d07f"
"md","step-04-evaluate-and-score","tea","tea/bmad-testarch-nfr/steps-c/step-04-evaluate-and-score.md","693d3d1c248b81dee341fc5b4285e3524fef6b2bffeaf60192bd47c97793f20c"
"md","step-04-generate-report","tea","tea/bmad-testarch-test-review/steps-c/step-04-generate-report.md","bd9defae1f24339017bf157e4e904e5278cc26f3dc47f269024e582d6b702837"
"md","step-04-generate-tests","tea","tea/bmad-testarch-atdd/steps-c/step-04-generate-tests.md","7903a3cca7c2dd1ef8fd9373baea1118148ebcb83107920436a21dee8c4068e5"
"md","step-04-session-01","tea","tea/bmad-teach-me-testing/steps-c/step-04-session-01.md","8e247b6f90ad850a054f91ba31a7a21188832e8e6118acc3517baf2d4f1940c9"
"md","step-04-session-02","tea","tea/bmad-teach-me-testing/steps-c/step-04-session-02.md","ce8410508ddacfaaac65e4bfe72ca5a07cfcd750523c8d31080d8da461cb0f16"
"md","step-04-session-03","tea","tea/bmad-teach-me-testing/steps-c/step-04-session-03.md","c5edcfed818b301661e9dad16642aa5eea626d8ef3177536be6e8e37991963eb"
"md","step-04-session-04","tea","tea/bmad-teach-me-testing/steps-c/step-04-session-04.md","ed2c7f9d221dcf77dd9739c20949bc035490246c2a72d836c3d7bf5095aa69fc"
"md","step-04-session-05","tea","tea/bmad-teach-me-testing/steps-c/step-04-session-05.md","80c9c0d9e4713b9f5af337ed38ad083f71f8331ed45db9e48e5807aa93eb56a3"
"md","step-04-session-06","tea","tea/bmad-teach-me-testing/steps-c/step-04-session-06.md","bd6e13e510ae83c7ea9de05a32f67899606ae68210f22cdd5646a940cf94732f"
"md","step-04-session-07","tea","tea/bmad-teach-me-testing/steps-c/step-04-session-07.md","675e76409a070517efbd28ec7a633a7dd946e52021a8527bc4b2f2d575359549"
"md","step-04-validate-and-summarize","tea","tea/bmad-testarch-automate/steps-c/step-04-validate-and-summarize.md","719dd3470e614e2b651ca304561142219c69c1fcdb36496943d4af5fc165c86a"
"md","step-04-validate-and-summary","tea","tea/bmad-testarch-ci/steps-c/step-04-validate-and-summary.md","1202b535d9406ab8381fd1c3a4e309791cc0b51146e3dcdf19ca7ec7344314f0"
"md","step-04a-subagent-api-failing","tea","tea/bmad-testarch-atdd/steps-c/step-04a-subagent-api-failing.md","3bdb90285ca9da0ef5512f6b774f86dc93ea498252da19a18a7c0d4eac111eba"
"md","step-04a-subagent-security","tea","tea/bmad-testarch-nfr/steps-c/step-04a-subagent-security.md","e397ece88e646edd7decefcffae218077e23665e15c14fd2d41c56cd65c6cb4e"
"md","step-04b-subagent-e2e-failing","tea","tea/bmad-testarch-atdd/steps-c/step-04b-subagent-e2e-failing.md","981a0cfc3d6ce295d4c6452d4a249fecccf2cdbacb9370e712fe82e9cda834ff"
"md","step-04b-subagent-performance","tea","tea/bmad-testarch-nfr/steps-c/step-04b-subagent-performance.md","de6f83e68ce242254767919b6a8e9b79575e75d407159c5a07e966c03d129c1d"
"md","step-04c-aggregate","tea","tea/bmad-testarch-atdd/steps-c/step-04c-aggregate.md","8ef27620394be95816af5fef7c9af2d00e6a9a2de8a783564cdb0f7795845312"
"md","step-04c-subagent-reliability","tea","tea/bmad-testarch-nfr/steps-c/step-04c-subagent-reliability.md","8e418f4e9838264a7577a511135a20efc918b9baae56d4dc44d18f8888162564"
"md","step-04d-subagent-scalability","tea","tea/bmad-testarch-nfr/steps-c/step-04d-subagent-scalability.md","4e138676b99f92d9728fae91974ec260be93f151eec753764a364a76e394152e"
"md","step-04e-aggregate-nfr","tea","tea/bmad-testarch-nfr/steps-c/step-04e-aggregate-nfr.md","c766207afad3f47e1355c8dd21b775453431494e6e2fdde33099b7f8305fbf91"
"md","step-05-completion","tea","tea/bmad-teach-me-testing/steps-c/step-05-completion.md","dc2fcb9c5a340b1da22a44cfd1aa8a838349a654a2bfd2c72059df40ddb4ad03"
"md","step-05-gate-decision","tea","tea/bmad-testarch-trace/steps-c/step-05-gate-decision.md","ed982c6a12954cb19be730ee396e214d08868cd77fa1a6a7175e38cf779627d1"
"md","step-05-generate-output","tea","tea/bmad-testarch-test-design/steps-c/step-05-generate-output.md","b7e2e2aa588591204d404296c981336a12ade0668559d53fa3770d8391cc5380"
"md","step-05-generate-report","tea","tea/bmad-testarch-nfr/steps-c/step-05-generate-report.md","fd92bc2eb6dbdf4242e2d07e31d961dfd31ad53ed94e449ee9b6fbd17d5c1475"
"md","step-05-validate-and-complete","tea","tea/bmad-testarch-atdd/steps-c/step-05-validate-and-complete.md","a4ceb7e2013e450022a7a5535f120fa5b4d0d35a74664b38af3d8c00b789eb1b"
"md","step-05-validate-and-summary","tea","tea/bmad-testarch-framework/steps-c/step-05-validate-and-summary.md","8d3476950862faa5dd2a983f0249eef7224ad9844218d12d2caeadddb0ae92ee"
"md","step-e-01-assess-workflow","tea","tea/bmad-teach-me-testing/steps-e/step-e-01-assess-workflow.md","480d0d5a12740c34968d609b4b31105fb24dcbb743840c35ce14bff79b747f69"
"md","step-e-02-apply-edits","tea","tea/bmad-teach-me-testing/steps-e/step-e-02-apply-edits.md","01c772d699d4d2612b6187aed3afc283ed93f420004776136b9ffab182a0f5e7"
"md","step-v-01-validate","tea","tea/bmad-teach-me-testing/steps-v/step-v-01-validate.md","377103a46a5410c356fb80505de861d2c79d4df9e4a8c9cc1f2a27656ebf2542"
"md","test-design-architecture-template","tea","tea/bmad-testarch-test-design/test-design-architecture-template.md","8f2042081c4c5b77b100bac9a04df73c40447824f1014dc3fbcce03b9bfc2872"
"md","test-design-handoff-template","tea","tea/bmad-testarch-test-design/test-design-handoff-template.md","2569b545622917e0ece923dd8771aacf0a59ca888793fda492484830f7228b6f"
"md","test-design-qa-template","tea","tea/bmad-testarch-test-design/test-design-qa-template.md","e78a842982cedcaf70cef0a9a2584dcc1dc40da2797dbbb82d9db7ae627942f1"
"md","test-design-template","tea","tea/bmad-testarch-test-design/test-design-template.md","579a56e4d94c4ffbd6d1820416250219b836603c428daec9909be4ca11fb57d3"
"md","test-healing-patterns","tea","tea/bmad-tea/resources/knowledge/test-healing-patterns.md","34f05dc40b5ead05d9c68299cb1a46f819338a4c8c928ab550a593e17f2b5464"
"md","test-healing-patterns","tea","tea/bmad-testarch-atdd/resources/knowledge/test-healing-patterns.md","34f05dc40b5ead05d9c68299cb1a46f819338a4c8c928ab550a593e17f2b5464"
"md","test-healing-patterns","tea","tea/bmad-testarch-automate/resources/knowledge/test-healing-patterns.md","34f05dc40b5ead05d9c68299cb1a46f819338a4c8c928ab550a593e17f2b5464"
"md","test-healing-patterns","tea","tea/bmad-testarch-ci/resources/knowledge/test-healing-patterns.md","34f05dc40b5ead05d9c68299cb1a46f819338a4c8c928ab550a593e17f2b5464"
"md","test-healing-patterns","tea","tea/bmad-testarch-framework/resources/knowledge/test-healing-patterns.md","34f05dc40b5ead05d9c68299cb1a46f819338a4c8c928ab550a593e17f2b5464"
"md","test-healing-patterns","tea","tea/bmad-testarch-nfr/resources/knowledge/test-healing-patterns.md","34f05dc40b5ead05d9c68299cb1a46f819338a4c8c928ab550a593e17f2b5464"
"md","test-healing-patterns","tea","tea/bmad-testarch-test-design/resources/knowledge/test-healing-patterns.md","34f05dc40b5ead05d9c68299cb1a46f819338a4c8c928ab550a593e17f2b5464"
"md","test-healing-patterns","tea","tea/bmad-testarch-test-review/resources/knowledge/test-healing-patterns.md","34f05dc40b5ead05d9c68299cb1a46f819338a4c8c928ab550a593e17f2b5464"
"md","test-healing-patterns","tea","tea/bmad-testarch-trace/resources/knowledge/test-healing-patterns.md","34f05dc40b5ead05d9c68299cb1a46f819338a4c8c928ab550a593e17f2b5464"
"md","test-levels-framework","tea","tea/bmad-tea/resources/knowledge/test-levels-framework.md","5397ad467351c55a6c8ee0d7f2fc6fce3d123a0bee35c01af0f71aa90d8bd0ea"
"md","test-levels-framework","tea","tea/bmad-testarch-atdd/resources/knowledge/test-levels-framework.md","5397ad467351c55a6c8ee0d7f2fc6fce3d123a0bee35c01af0f71aa90d8bd0ea"
"md","test-levels-framework","tea","tea/bmad-testarch-automate/resources/knowledge/test-levels-framework.md","5397ad467351c55a6c8ee0d7f2fc6fce3d123a0bee35c01af0f71aa90d8bd0ea"
"md","test-levels-framework","tea","tea/bmad-testarch-ci/resources/knowledge/test-levels-framework.md","5397ad467351c55a6c8ee0d7f2fc6fce3d123a0bee35c01af0f71aa90d8bd0ea"
"md","test-levels-framework","tea","tea/bmad-testarch-framework/resources/knowledge/test-levels-framework.md","5397ad467351c55a6c8ee0d7f2fc6fce3d123a0bee35c01af0f71aa90d8bd0ea"
"md","test-levels-framework","tea","tea/bmad-testarch-nfr/resources/knowledge/test-levels-framework.md","5397ad467351c55a6c8ee0d7f2fc6fce3d123a0bee35c01af0f71aa90d8bd0ea"
"md","test-levels-framework","tea","tea/bmad-testarch-test-design/resources/knowledge/test-levels-framework.md","5397ad467351c55a6c8ee0d7f2fc6fce3d123a0bee35c01af0f71aa90d8bd0ea"
"md","test-levels-framework","tea","tea/bmad-testarch-test-review/resources/knowledge/test-levels-framework.md","5397ad467351c55a6c8ee0d7f2fc6fce3d123a0bee35c01af0f71aa90d8bd0ea"
"md","test-levels-framework","tea","tea/bmad-testarch-trace/resources/knowledge/test-levels-framework.md","5397ad467351c55a6c8ee0d7f2fc6fce3d123a0bee35c01af0f71aa90d8bd0ea"
"md","test-priorities-matrix","tea","tea/bmad-tea/resources/knowledge/test-priorities-matrix.md","9f026da4038166ce8c3cc8aaedc9ca32b99eae75a053d5301c07bc53442a7788"
"md","test-priorities-matrix","tea","tea/bmad-testarch-atdd/resources/knowledge/test-priorities-matrix.md","9f026da4038166ce8c3cc8aaedc9ca32b99eae75a053d5301c07bc53442a7788"
"md","test-priorities-matrix","tea","tea/bmad-testarch-automate/resources/knowledge/test-priorities-matrix.md","9f026da4038166ce8c3cc8aaedc9ca32b99eae75a053d5301c07bc53442a7788"
"md","test-priorities-matrix","tea","tea/bmad-testarch-ci/resources/knowledge/test-priorities-matrix.md","9f026da4038166ce8c3cc8aaedc9ca32b99eae75a053d5301c07bc53442a7788"
"md","test-priorities-matrix","tea","tea/bmad-testarch-framework/resources/knowledge/test-priorities-matrix.md","9f026da4038166ce8c3cc8aaedc9ca32b99eae75a053d5301c07bc53442a7788"
"md","test-priorities-matrix","tea","tea/bmad-testarch-nfr/resources/knowledge/test-priorities-matrix.md","9f026da4038166ce8c3cc8aaedc9ca32b99eae75a053d5301c07bc53442a7788"
"md","test-priorities-matrix","tea","tea/bmad-testarch-test-design/resources/knowledge/test-priorities-matrix.md","9f026da4038166ce8c3cc8aaedc9ca32b99eae75a053d5301c07bc53442a7788"
"md","test-priorities-matrix","tea","tea/bmad-testarch-test-review/resources/knowledge/test-priorities-matrix.md","9f026da4038166ce8c3cc8aaedc9ca32b99eae75a053d5301c07bc53442a7788"
"md","test-priorities-matrix","tea","tea/bmad-testarch-trace/resources/knowledge/test-priorities-matrix.md","9f026da4038166ce8c3cc8aaedc9ca32b99eae75a053d5301c07bc53442a7788"
"md","test-quality","tea","tea/bmad-tea/resources/knowledge/test-quality.md","01552faa4496926c4e4badf03ff7c0b17fbf3e5647c3a79348c6e4932602955e"
"md","test-quality","tea","tea/bmad-testarch-atdd/resources/knowledge/test-quality.md","01552faa4496926c4e4badf03ff7c0b17fbf3e5647c3a79348c6e4932602955e"
"md","test-quality","tea","tea/bmad-testarch-automate/resources/knowledge/test-quality.md","01552faa4496926c4e4badf03ff7c0b17fbf3e5647c3a79348c6e4932602955e"
"md","test-quality","tea","tea/bmad-testarch-ci/resources/knowledge/test-quality.md","01552faa4496926c4e4badf03ff7c0b17fbf3e5647c3a79348c6e4932602955e"
"md","test-quality","tea","tea/bmad-testarch-framework/resources/knowledge/test-quality.md","01552faa4496926c4e4badf03ff7c0b17fbf3e5647c3a79348c6e4932602955e"
"md","test-quality","tea","tea/bmad-testarch-nfr/resources/knowledge/test-quality.md","01552faa4496926c4e4badf03ff7c0b17fbf3e5647c3a79348c6e4932602955e"
"md","test-quality","tea","tea/bmad-testarch-test-design/resources/knowledge/test-quality.md","01552faa4496926c4e4badf03ff7c0b17fbf3e5647c3a79348c6e4932602955e"
"md","test-quality","tea","tea/bmad-testarch-test-review/resources/knowledge/test-quality.md","01552faa4496926c4e4badf03ff7c0b17fbf3e5647c3a79348c6e4932602955e"
"md","test-quality","tea","tea/bmad-testarch-trace/resources/knowledge/test-quality.md","01552faa4496926c4e4badf03ff7c0b17fbf3e5647c3a79348c6e4932602955e"
"md","test-review-template","tea","tea/bmad-testarch-test-review/test-review-template.md","5bcfec226fd84487de21d1db6386c4b3eba613103afd2afa295cfd06e7967e4a"
"md","timing-debugging","tea","tea/bmad-tea/resources/knowledge/timing-debugging.md","74304e8e924f1ae21be4edcdea149442a8ee1d5ad23a5388dc32c0cf3f8135e7"
"md","timing-debugging","tea","tea/bmad-testarch-atdd/resources/knowledge/timing-debugging.md","74304e8e924f1ae21be4edcdea149442a8ee1d5ad23a5388dc32c0cf3f8135e7"
"md","timing-debugging","tea","tea/bmad-testarch-automate/resources/knowledge/timing-debugging.md","74304e8e924f1ae21be4edcdea149442a8ee1d5ad23a5388dc32c0cf3f8135e7"
"md","timing-debugging","tea","tea/bmad-testarch-ci/resources/knowledge/timing-debugging.md","74304e8e924f1ae21be4edcdea149442a8ee1d5ad23a5388dc32c0cf3f8135e7"
"md","timing-debugging","tea","tea/bmad-testarch-framework/resources/knowledge/timing-debugging.md","74304e8e924f1ae21be4edcdea149442a8ee1d5ad23a5388dc32c0cf3f8135e7"
"md","timing-debugging","tea","tea/bmad-testarch-nfr/resources/knowledge/timing-debugging.md","74304e8e924f1ae21be4edcdea149442a8ee1d5ad23a5388dc32c0cf3f8135e7"
"md","timing-debugging","tea","tea/bmad-testarch-test-design/resources/knowledge/timing-debugging.md","74304e8e924f1ae21be4edcdea149442a8ee1d5ad23a5388dc32c0cf3f8135e7"
"md","timing-debugging","tea","tea/bmad-testarch-test-review/resources/knowledge/timing-debugging.md","74304e8e924f1ae21be4edcdea149442a8ee1d5ad23a5388dc32c0cf3f8135e7"
"md","timing-debugging","tea","tea/bmad-testarch-trace/resources/knowledge/timing-debugging.md","74304e8e924f1ae21be4edcdea149442a8ee1d5ad23a5388dc32c0cf3f8135e7"
"md","trace-template","tea","tea/bmad-testarch-trace/trace-template.md","6e0ce5868002e2ef092e5592021d8525e70d7cb0fd2be3c0591281858e09139c"
"md","validation-report-20260127-095021","tea","tea/bmad-testarch-atdd/validation-report-20260127-095021.md","8ad16b678e08ec75a41bc2893db7ae8ad2be8cf229d9c8393b45fba310161e04"
"md","validation-report-20260127-095021","tea","tea/bmad-testarch-automate/validation-report-20260127-095021.md","76003bc6af51d5d5fa99ab5e4f2762f521f49b5543789399b8b56b917e6c3ae4"
"md","validation-report-20260127-095021","tea","tea/bmad-testarch-ci/validation-report-20260127-095021.md","510e83e1909f93be68d337284e56e129a97b81d529ed37231d6b2f62c8e3de31"
"md","validation-report-20260127-095021","tea","tea/bmad-testarch-framework/validation-report-20260127-095021.md","0ffbf0dd8732a2d43825235965670b6f8255a06a131caeb92f8f6afad22240ad"
"md","validation-report-20260127-095021","tea","tea/bmad-testarch-nfr/validation-report-20260127-095021.md","c0e196e2fa452cce54d1b82da1501d58eb7f6509885da1879bcd316634764f68"
"md","validation-report-20260127-095021","tea","tea/bmad-testarch-test-design/validation-report-20260127-095021.md","2c9df60896256ea91555fcdcb3c3d5b38d47003fa0d5b1216466a6599b53d0ed"
"md","validation-report-20260127-095021","tea","tea/bmad-testarch-test-review/validation-report-20260127-095021.md","e3c761b0beb35bedf5be5170725571eb60a8d0853d219aa6c2cbf7548b058dc0"
"md","validation-report-20260127-095021","tea","tea/bmad-testarch-trace/validation-report-20260127-095021.md","4c3df5b3b9fb51dec9110094a9b073391c1f0befd5a5bd11ee3b681655581198"
"md","validation-report-20260127-102401","tea","tea/bmad-testarch-atdd/validation-report-20260127-102401.md","7660056ce91586ee251521f2afd70a37d8fde92c269d1ae0006165982aa798ed"
"md","validation-report-20260127-102401","tea","tea/bmad-testarch-automate/validation-report-20260127-102401.md","d771deda210ff0e247096c8d34acf3cb65a997a352d0e2b6b534b98b8257e12f"
"md","validation-report-20260127-102401","tea","tea/bmad-testarch-ci/validation-report-20260127-102401.md","d45297159f142aefcf2370174a30cd85f4e2b58598146ca8d34281a66a218c88"
"md","validation-report-20260127-102401","tea","tea/bmad-testarch-framework/validation-report-20260127-102401.md","42da2d087d43f5d17bc75b11c57090cf43edf1f6b6f5fc422cf8b31eca697a29"
"md","validation-report-20260127-102401","tea","tea/bmad-testarch-nfr/validation-report-20260127-102401.md","571818b6acd85778e6b5bb725c93db86e5c3854644b806cc341ed8d7b299247e"
"md","validation-report-20260127-102401","tea","tea/bmad-testarch-test-design/validation-report-20260127-102401.md","a3f1a46ee45c25a0b8594f1c0680473c360ff5f234e22e342074f0d795c1916d"
"md","validation-report-20260127-102401","tea","tea/bmad-testarch-test-review/validation-report-20260127-102401.md","ef89f3a406cc7cca093ef12054cc0e5b23d3f17acba065130e1bf88520945fe4"
"md","validation-report-20260127-102401","tea","tea/bmad-testarch-trace/validation-report-20260127-102401.md","41c2741d65c4ba9a05cfa7ce9c44c97670abda4b2dd2c6f5303fd13584bb35d9"
"md","visual-debugging","tea","tea/bmad-tea/resources/knowledge/visual-debugging.md","c06729b0a8e278800fea1e3b195b1f9f644fe8ba3ed027e48d995157b638e557"
"md","visual-debugging","tea","tea/bmad-testarch-atdd/resources/knowledge/visual-debugging.md","c06729b0a8e278800fea1e3b195b1f9f644fe8ba3ed027e48d995157b638e557"
"md","visual-debugging","tea","tea/bmad-testarch-automate/resources/knowledge/visual-debugging.md","c06729b0a8e278800fea1e3b195b1f9f644fe8ba3ed027e48d995157b638e557"
"md","visual-debugging","tea","tea/bmad-testarch-ci/resources/knowledge/visual-debugging.md","c06729b0a8e278800fea1e3b195b1f9f644fe8ba3ed027e48d995157b638e557"
"md","visual-debugging","tea","tea/bmad-testarch-framework/resources/knowledge/visual-debugging.md","c06729b0a8e278800fea1e3b195b1f9f644fe8ba3ed027e48d995157b638e557"
"md","visual-debugging","tea","tea/bmad-testarch-nfr/resources/knowledge/visual-debugging.md","c06729b0a8e278800fea1e3b195b1f9f644fe8ba3ed027e48d995157b638e557"
"md","visual-debugging","tea","tea/bmad-testarch-test-design/resources/knowledge/visual-debugging.md","c06729b0a8e278800fea1e3b195b1f9f644fe8ba3ed027e48d995157b638e557"
"md","visual-debugging","tea","tea/bmad-testarch-test-review/resources/knowledge/visual-debugging.md","c06729b0a8e278800fea1e3b195b1f9f644fe8ba3ed027e48d995157b638e557"
"md","visual-debugging","tea","tea/bmad-testarch-trace/resources/knowledge/visual-debugging.md","c06729b0a8e278800fea1e3b195b1f9f644fe8ba3ed027e48d995157b638e557"
"md","webhook-module-setup","tea","tea/bmad-tea/resources/knowledge/webhook-module-setup.md","5a3320f60b19c0791c16c5098aec8775f63e8e91169cdfd75584a97c76b4334a"
"md","webhook-module-setup","tea","tea/bmad-testarch-atdd/resources/knowledge/webhook-module-setup.md","5a3320f60b19c0791c16c5098aec8775f63e8e91169cdfd75584a97c76b4334a"
"md","webhook-module-setup","tea","tea/bmad-testarch-automate/resources/knowledge/webhook-module-setup.md","5a3320f60b19c0791c16c5098aec8775f63e8e91169cdfd75584a97c76b4334a"
"md","webhook-module-setup","tea","tea/bmad-testarch-ci/resources/knowledge/webhook-module-setup.md","5a3320f60b19c0791c16c5098aec8775f63e8e91169cdfd75584a97c76b4334a"
"md","webhook-module-setup","tea","tea/bmad-testarch-framework/resources/knowledge/webhook-module-setup.md","5a3320f60b19c0791c16c5098aec8775f63e8e91169cdfd75584a97c76b4334a"
"md","webhook-module-setup","tea","tea/bmad-testarch-nfr/resources/knowledge/webhook-module-setup.md","5a3320f60b19c0791c16c5098aec8775f63e8e91169cdfd75584a97c76b4334a"
"md","webhook-module-setup","tea","tea/bmad-testarch-test-design/resources/knowledge/webhook-module-setup.md","5a3320f60b19c0791c16c5098aec8775f63e8e91169cdfd75584a97c76b4334a"
"md","webhook-module-setup","tea","tea/bmad-testarch-test-review/resources/knowledge/webhook-module-setup.md","5a3320f60b19c0791c16c5098aec8775f63e8e91169cdfd75584a97c76b4334a"
"md","webhook-module-setup","tea","tea/bmad-testarch-trace/resources/knowledge/webhook-module-setup.md","5a3320f60b19c0791c16c5098aec8775f63e8e91169cdfd75584a97c76b4334a"
"md","webhook-providers","tea","tea/bmad-tea/resources/knowledge/webhook-providers.md","c0eb938eb5dd5435592c2636657cc38ed0d173becda601657dc96efed7f1f2a3"
"md","webhook-providers","tea","tea/bmad-testarch-atdd/resources/knowledge/webhook-providers.md","c0eb938eb5dd5435592c2636657cc38ed0d173becda601657dc96efed7f1f2a3"
"md","webhook-providers","tea","tea/bmad-testarch-automate/resources/knowledge/webhook-providers.md","c0eb938eb5dd5435592c2636657cc38ed0d173becda601657dc96efed7f1f2a3"
"md","webhook-providers","tea","tea/bmad-testarch-ci/resources/knowledge/webhook-providers.md","c0eb938eb5dd5435592c2636657cc38ed0d173becda601657dc96efed7f1f2a3"
"md","webhook-providers","tea","tea/bmad-testarch-framework/resources/knowledge/webhook-providers.md","c0eb938eb5dd5435592c2636657cc38ed0d173becda601657dc96efed7f1f2a3"
"md","webhook-providers","tea","tea/bmad-testarch-nfr/resources/knowledge/webhook-providers.md","c0eb938eb5dd5435592c2636657cc38ed0d173becda601657dc96efed7f1f2a3"
"md","webhook-providers","tea","tea/bmad-testarch-test-design/resources/knowledge/webhook-providers.md","c0eb938eb5dd5435592c2636657cc38ed0d173becda601657dc96efed7f1f2a3"
"md","webhook-providers","tea","tea/bmad-testarch-test-review/resources/knowledge/webhook-providers.md","c0eb938eb5dd5435592c2636657cc38ed0d173becda601657dc96efed7f1f2a3"
"md","webhook-providers","tea","tea/bmad-testarch-trace/resources/knowledge/webhook-providers.md","c0eb938eb5dd5435592c2636657cc38ed0d173becda601657dc96efed7f1f2a3"
"md","webhook-risk-guidance","tea","tea/bmad-tea/resources/knowledge/webhook-risk-guidance.md","e22b8a46be96c1548bba22aa1d0594c858f9fa9edd7fcc292f98d09e1b59c936"
"md","webhook-risk-guidance","tea","tea/bmad-testarch-atdd/resources/knowledge/webhook-risk-guidance.md","e22b8a46be96c1548bba22aa1d0594c858f9fa9edd7fcc292f98d09e1b59c936"
"md","webhook-risk-guidance","tea","tea/bmad-testarch-automate/resources/knowledge/webhook-risk-guidance.md","e22b8a46be96c1548bba22aa1d0594c858f9fa9edd7fcc292f98d09e1b59c936"
"md","webhook-risk-guidance","tea","tea/bmad-testarch-ci/resources/knowledge/webhook-risk-guidance.md","e22b8a46be96c1548bba22aa1d0594c858f9fa9edd7fcc292f98d09e1b59c936"
"md","webhook-risk-guidance","tea","tea/bmad-testarch-framework/resources/knowledge/webhook-risk-guidance.md","e22b8a46be96c1548bba22aa1d0594c858f9fa9edd7fcc292f98d09e1b59c936"
"md","webhook-risk-guidance","tea","tea/bmad-testarch-nfr/resources/knowledge/webhook-risk-guidance.md","e22b8a46be96c1548bba22aa1d0594c858f9fa9edd7fcc292f98d09e1b59c936"
"md","webhook-risk-guidance","tea","tea/bmad-testarch-test-design/resources/knowledge/webhook-risk-guidance.md","e22b8a46be96c1548bba22aa1d0594c858f9fa9edd7fcc292f98d09e1b59c936"
"md","webhook-risk-guidance","tea","tea/bmad-testarch-test-review/resources/knowledge/webhook-risk-guidance.md","e22b8a46be96c1548bba22aa1d0594c858f9fa9edd7fcc292f98d09e1b59c936"
"md","webhook-risk-guidance","tea","tea/bmad-testarch-trace/resources/knowledge/webhook-risk-guidance.md","e22b8a46be96c1548bba22aa1d0594c858f9fa9edd7fcc292f98d09e1b59c936"
"md","webhook-template-matchers","tea","tea/bmad-tea/resources/knowledge/webhook-template-matchers.md","870957996a2d0f6e8ef03d85668c72730583465da4de228812a0c2040fcdb3c4"
"md","webhook-template-matchers","tea","tea/bmad-testarch-atdd/resources/knowledge/webhook-template-matchers.md","870957996a2d0f6e8ef03d85668c72730583465da4de228812a0c2040fcdb3c4"
"md","webhook-template-matchers","tea","tea/bmad-testarch-automate/resources/knowledge/webhook-template-matchers.md","870957996a2d0f6e8ef03d85668c72730583465da4de228812a0c2040fcdb3c4"
"md","webhook-template-matchers","tea","tea/bmad-testarch-ci/resources/knowledge/webhook-template-matchers.md","870957996a2d0f6e8ef03d85668c72730583465da4de228812a0c2040fcdb3c4"
"md","webhook-template-matchers","tea","tea/bmad-testarch-framework/resources/knowledge/webhook-template-matchers.md","870957996a2d0f6e8ef03d85668c72730583465da4de228812a0c2040fcdb3c4"
"md","webhook-template-matchers","tea","tea/bmad-testarch-nfr/resources/knowledge/webhook-template-matchers.md","870957996a2d0f6e8ef03d85668c72730583465da4de228812a0c2040fcdb3c4"
"md","webhook-template-matchers","tea","tea/bmad-testarch-test-design/resources/knowledge/webhook-template-matchers.md","870957996a2d0f6e8ef03d85668c72730583465da4de228812a0c2040fcdb3c4"
"md","webhook-template-matchers","tea","tea/bmad-testarch-test-review/resources/knowledge/webhook-template-matchers.md","870957996a2d0f6e8ef03d85668c72730583465da4de228812a0c2040fcdb3c4"
"md","webhook-template-matchers","tea","tea/bmad-testarch-trace/resources/knowledge/webhook-template-matchers.md","870957996a2d0f6e8ef03d85668c72730583465da4de228812a0c2040fcdb3c4"
"md","webhook-testing-fundamentals","tea","tea/bmad-tea/resources/knowledge/webhook-testing-fundamentals.md","370eb1aa92df45939e72564ab94507999b7fa5156f482b85eb358a637fb03bcd"
"md","webhook-testing-fundamentals","tea","tea/bmad-testarch-atdd/resources/knowledge/webhook-testing-fundamentals.md","370eb1aa92df45939e72564ab94507999b7fa5156f482b85eb358a637fb03bcd"
"md","webhook-testing-fundamentals","tea","tea/bmad-testarch-automate/resources/knowledge/webhook-testing-fundamentals.md","370eb1aa92df45939e72564ab94507999b7fa5156f482b85eb358a637fb03bcd"
"md","webhook-testing-fundamentals","tea","tea/bmad-testarch-ci/resources/knowledge/webhook-testing-fundamentals.md","370eb1aa92df45939e72564ab94507999b7fa5156f482b85eb358a637fb03bcd"
"md","webhook-testing-fundamentals","tea","tea/bmad-testarch-framework/resources/knowledge/webhook-testing-fundamentals.md","370eb1aa92df45939e72564ab94507999b7fa5156f482b85eb358a637fb03bcd"
"md","webhook-testing-fundamentals","tea","tea/bmad-testarch-nfr/resources/knowledge/webhook-testing-fundamentals.md","370eb1aa92df45939e72564ab94507999b7fa5156f482b85eb358a637fb03bcd"
"md","webhook-testing-fundamentals","tea","tea/bmad-testarch-test-design/resources/knowledge/webhook-testing-fundamentals.md","370eb1aa92df45939e72564ab94507999b7fa5156f482b85eb358a637fb03bcd"
"md","webhook-testing-fundamentals","tea","tea/bmad-testarch-test-review/resources/knowledge/webhook-testing-fundamentals.md","370eb1aa92df45939e72564ab94507999b7fa5156f482b85eb358a637fb03bcd"
"md","webhook-testing-fundamentals","tea","tea/bmad-testarch-trace/resources/knowledge/webhook-testing-fundamentals.md","370eb1aa92df45939e72564ab94507999b7fa5156f482b85eb358a637fb03bcd"
"md","webhook-timeout-error","tea","tea/bmad-tea/resources/knowledge/webhook-timeout-error.md","d1de89da9211ef4dd36faa6981940f6fb08d08e4358ec96a9e4ac3ff6091b1e1"
"md","webhook-timeout-error","tea","tea/bmad-testarch-atdd/resources/knowledge/webhook-timeout-error.md","d1de89da9211ef4dd36faa6981940f6fb08d08e4358ec96a9e4ac3ff6091b1e1"
"md","webhook-timeout-error","tea","tea/bmad-testarch-automate/resources/knowledge/webhook-timeout-error.md","d1de89da9211ef4dd36faa6981940f6fb08d08e4358ec96a9e4ac3ff6091b1e1"
"md","webhook-timeout-error","tea","tea/bmad-testarch-ci/resources/knowledge/webhook-timeout-error.md","d1de89da9211ef4dd36faa6981940f6fb08d08e4358ec96a9e4ac3ff6091b1e1"
"md","webhook-timeout-error","tea","tea/bmad-testarch-framework/resources/knowledge/webhook-timeout-error.md","d1de89da9211ef4dd36faa6981940f6fb08d08e4358ec96a9e4ac3ff6091b1e1"
"md","webhook-timeout-error","tea","tea/bmad-testarch-nfr/resources/knowledge/webhook-timeout-error.md","d1de89da9211ef4dd36faa6981940f6fb08d08e4358ec96a9e4ac3ff6091b1e1"
"md","webhook-timeout-error","tea","tea/bmad-testarch-test-design/resources/knowledge/webhook-timeout-error.md","d1de89da9211ef4dd36faa6981940f6fb08d08e4358ec96a9e4ac3ff6091b1e1"
"md","webhook-timeout-error","tea","tea/bmad-testarch-test-review/resources/knowledge/webhook-timeout-error.md","d1de89da9211ef4dd36faa6981940f6fb08d08e4358ec96a9e4ac3ff6091b1e1"
"md","webhook-timeout-error","tea","tea/bmad-testarch-trace/resources/knowledge/webhook-timeout-error.md","d1de89da9211ef4dd36faa6981940f6fb08d08e4358ec96a9e4ac3ff6091b1e1"
"md","webhook-waiting-querying","tea","tea/bmad-tea/resources/knowledge/webhook-waiting-querying.md","3ecedc7828402df9daf30e2da909019d37046d03c76eff1f8a7394b1c55d96bf"
"md","webhook-waiting-querying","tea","tea/bmad-testarch-atdd/resources/knowledge/webhook-waiting-querying.md","3ecedc7828402df9daf30e2da909019d37046d03c76eff1f8a7394b1c55d96bf"
"md","webhook-waiting-querying","tea","tea/bmad-testarch-automate/resources/knowledge/webhook-waiting-querying.md","3ecedc7828402df9daf30e2da909019d37046d03c76eff1f8a7394b1c55d96bf"
"md","webhook-waiting-querying","tea","tea/bmad-testarch-ci/resources/knowledge/webhook-waiting-querying.md","3ecedc7828402df9daf30e2da909019d37046d03c76eff1f8a7394b1c55d96bf"
"md","webhook-waiting-querying","tea","tea/bmad-testarch-framework/resources/knowledge/webhook-waiting-querying.md","3ecedc7828402df9daf30e2da909019d37046d03c76eff1f8a7394b1c55d96bf"
"md","webhook-waiting-querying","tea","tea/bmad-testarch-nfr/resources/knowledge/webhook-waiting-querying.md","3ecedc7828402df9daf30e2da909019d37046d03c76eff1f8a7394b1c55d96bf"
"md","webhook-waiting-querying","tea","tea/bmad-testarch-test-design/resources/knowledge/webhook-waiting-querying.md","3ecedc7828402df9daf30e2da909019d37046d03c76eff1f8a7394b1c55d96bf"
"md","webhook-waiting-querying","tea","tea/bmad-testarch-test-review/resources/knowledge/webhook-waiting-querying.md","3ecedc7828402df9daf30e2da909019d37046d03c76eff1f8a7394b1c55d96bf"
"md","webhook-waiting-querying","tea","tea/bmad-testarch-trace/resources/knowledge/webhook-waiting-querying.md","3ecedc7828402df9daf30e2da909019d37046d03c76eff1f8a7394b1c55d96bf"
"md","workflow-plan","tea","tea/bmad-testarch-atdd/workflow-plan.md","656f81a3a8939d8214ec1c078a40790b6657c3510db9faa4bdb161cf4908d4d8"
"md","workflow-plan","tea","tea/bmad-testarch-automate/workflow-plan.md","cd569f2f23791b3223778af6461492f02909ae029ce14899feaf4f9e112f2956"
"md","workflow-plan","tea","tea/bmad-testarch-ci/workflow-plan.md","98c0a7ffdc946500c4cf5358ba99559f59c6cbc9c09154d8e477a87b90891952"
"md","workflow-plan","tea","tea/bmad-testarch-framework/workflow-plan.md","a3f83191c092720228f5f9f6e17c97b1eed0967f58bb1b7e54c51b0ca6e49221"
"md","workflow-plan","tea","tea/bmad-testarch-nfr/workflow-plan.md","968c84d8ea3e2ea6b248d2298aff79bc1b00ecab34113ab61ead788cc4f6a1d2"
"md","workflow-plan","tea","tea/bmad-testarch-test-design/workflow-plan.md","981e2c1fe7c701ad33e52ed62a691d747ec8b6b2a5c20637c4d4314914e49470"
"md","workflow-plan","tea","tea/bmad-testarch-test-review/workflow-plan.md","f92e323bb2a786edc3e2377325c3f7efd2cfdebe27a36f9bc94b0cc8149c08f6"
"md","workflow-plan","tea","tea/bmad-testarch-trace/workflow-plan.md","40008a9560fe1502aa0a0ef8e0a67f67e3db8cbf72730a499bcbc475d5d12f82"
"md","workflow-plan-teach-me-testing","tea","tea/bmad-teach-me-testing/workflow-plan-teach-me-testing.md","4839043f08f7f7c4fb0d5fbfe555b82bd4f4d0c84b6b9487d5078a5ffc3684e3"
"toml","customize","tea","tea/bmad-tea/customize.toml","f37a72ee5ff7c02d65c445fbcc81329bf8fb7680aaf532dd2045f5bd05cf82c9"
"toml","customize","tea","tea/bmad-testarch-atdd/customize.toml","c5c6c2eca425be15eb2e427335ea1c41e5b91166ec79602d4ae336104ab5b43f"
"toml","customize","tea","tea/bmad-testarch-automate/customize.toml","d5efffb41626f274a1e0da2088f4baca7283e3dea1f64996140c01012decc606"
"toml","customize","tea","tea/bmad-testarch-ci/customize.toml","493b1ff7226e604a2e64b5decf7c965128f3501599006e4ac5c6bf0f27fe1753"
"toml","customize","tea","tea/bmad-testarch-framework/customize.toml","6d98a7ccb633a634ddcaa7fcbe216395a601b9c0c32ecdc8a3f41ba60f472835"
"toml","customize","tea","tea/bmad-testarch-nfr/customize.toml","be0d7a15bc2973358cb7b48803e4c4218c4b72fe05aadaa7c246b3e69e74b6be"
"toml","customize","tea","tea/bmad-testarch-test-design/customize.toml","bfcf5e255ef7f5d5c4604d2476d16ef3fd3723e22f25edbe32fd10b588e9ed6b"
"toml","customize","tea","tea/bmad-testarch-test-review/customize.toml","3aee2610df1dca1262f40c88a838d30eed5ba1674a707fbf24cfcec5f7f37520"
"toml","customize","tea","tea/bmad-testarch-trace/customize.toml","8b4e8da1f66e2aaf36a303b4b77bfd5d08c9817b882a774b15b5749bbe31e27e"
"toml","customize","tea","tea/bmad-teach-me-testing/customize.toml","a1f41c05b779a42e1e944a127b18f1d7c5bbbca7147a193441daf045017841e7"
"yaml","azure-pipelines-template","tea","tea/bmad-testarch-ci/azure-pipelines-template.yaml","d4e48de5edc5603872995a15289c736a26cee61b1f0c634fef2c7e957deadb3d"
"yaml","config","tea","tea/config.yaml","1b860b641c213436fc262cb97c321e67cf9cb753ad482cd718de374cab8eb7f1"
"yaml","curriculum","tea","tea/bmad-teach-me-testing/data/curriculum.yaml","a8789962a37cb628a471e695058099a57765a5c59640107a18160e089c8869f7"
"yaml","github-actions-template","tea","tea/bmad-testarch-ci/github-actions-template.yaml","ab958973e3db5f207c02aca9382f918754d516bf1c93b6aae3b17174210e84d3"
"yaml","gitlab-ci-template","tea","tea/bmad-testarch-ci/gitlab-ci-template.yaml","a5b151216164f463fc5dd5f23087a361cdfd60a67e0b150be962c18323ef75fe"
"yaml","harness-pipeline-template","tea","tea/bmad-testarch-ci/harness-pipeline-template.yaml","d6deb2934143fd04ec71789cb43be9227bf40a91f527b1997233e27a346d5cc7"
"yaml","progress-template","tea","tea/bmad-teach-me-testing/templates/progress-template.yaml","4220c120a19dda4ee3c9a1e9b7cccd3f0a32016c553f58722fcc69d4dafac202"
"yaml","quiz-questions","tea","tea/bmad-teach-me-testing/data/quiz-questions.yaml","a308173a406edb8f2ab05d373640565c2f677463cdbcbae866ce5c811ce121c7"
"yaml","role-paths","tea","tea/bmad-teach-me-testing/data/role-paths.yaml","8cc2b2ae0f6fe1d5230702813de078a042ce228e23a184a17bff314cb9f7df2c"
"yaml","session-content-map","tea","tea/bmad-teach-me-testing/data/session-content-map.yaml","1d50fccb889a8dc6c5e471d18abd3340cab6043e59ac44e1b7428ec63a3766a6"
"yaml","tea-resources-index","tea","tea/bmad-teach-me-testing/data/tea-resources-index.yaml","75af9a9046b5aeb33861dd693b2a8b38a16946a953136c1a56d3b2647812a1ea"
"yaml","workflow","tea","tea/bmad-testarch-atdd/workflow.yaml","55bb3cf1c6c2158c9a146f66a02294193324fe47c72626bedb08e73b359e3cac"
"yaml","workflow","tea","tea/bmad-testarch-automate/workflow.yaml","31aa0de4052cbe9897d830fca64e75b1ad02619b5fea0e47bd6187a67b42f37e"
"yaml","workflow","tea","tea/bmad-testarch-ci/workflow.yaml","2b0dcde0dfcd0756f3d4ffb5d15f645b6972fce37807cfaf74c120d89bfa111a"
"yaml","workflow","tea","tea/bmad-testarch-framework/workflow.yaml","96bd1a10c3f9b02aa16b5c6e449e31091e3b89c1ea11a587fd111383d7fd81fc"
"yaml","workflow","tea","tea/bmad-testarch-nfr/workflow.yaml","3c6d34a1e445788ab3e53e9516826a0edd0376e4623da0961453270064356f7d"
"yaml","workflow","tea","tea/bmad-testarch-test-design/workflow.yaml","28ee3aa36cb61e425073567cbb380ba8d2b6ade33db983fd122af4ec58d2bc12"
"yaml","workflow","tea","tea/bmad-testarch-test-review/workflow.yaml","f9f22380b038a4bdf8dbbbf56d7102c8082362aa00d56199b9b18bc6944f7339"
"yaml","workflow","tea","tea/bmad-testarch-trace/workflow.yaml","cfe47e0be5fc67abf0e0cac6da6f62472a43b79ba2d389d090b0db46b64838ac"
